id,filtered_words,features,label_index
R129,"new, report, election, sign, entire, paper, test","(200,[24,90,105,132,156,185,186],[4.137164559405029,3.577548771469606,0.6753425559264385,2.4789364828014966,3.4440173788450834,0.6792718340663283,4.42484663185681])",1.0
R227,"new, report, climate, change, believe, charge, free, bad, maybe","(200,[12,18,21,73,105,133,156,185,187],[4.270695952029551,4.830311739964974,2.5277266469709287,3.5085558999826545,0.6753425559264385,3.125563647726549,3.4440173788450834,0.6792718340663283,2.579019941358479])",1.0
F231,"aliens, confirmed, sources, begin, dog, like, current, space","(200,[23,50,113,130,164,188,189],[0.6714286566053024,2.7826188965997183,3.5085558999826545,2.366458499374806,3.4440173788450834,1.2813139958770972,3.0811118851557153])",0.0
R066,"new, report, policy, ready, claim, ahead, beat, space, military","(200,[68,77,105,137,142,157,169,185,188],[3.4440173788450834,3.914021008090819,0.6753425559264385,3.7316994512968646,2.4324164671666035,3.2721671219184243,4.607168188650764,0.6792718340663283,0.6406569979385486])",1.0
F095,"mind, control, confirmed, sources, phone, friend, whole, involve, spring","(200,[8,23,26,27,44,71,88,184,188],[2.5277266469709287,0.6714286566053024,3.2208738275308737,3.914021008090819,3.2721671219184243,3.5085558999826545,3.3262343431887,2.5530444549552183,0.6406569979385486])",0.0
R174,"new, report, policy, simply, action, relationship, white, heavy, stand","(200,[33,42,43,60,86,105,142,149,185],[3.2208738275308737,3.577548771469606,3.0385522707369192,2.8844015909096608,2.4789364828014966,0.6753425559264385,2.4324164671666035,4.137164559405029,0.6792718340663283])",1.0
R201,"new, report, public, health, environment, agent, song, lead, economic","(200,[5,7,16,105,144,150,156,170,185],[2.920769235080536,3.7316994512968646,3.2721671219184243,0.6753425559264385,2.324785802974238,3.0811118851557153,3.4440173788450834,2.849310271098391,0.6792718340663283])",1.0
R072,"new, report, education, special, author, price, third, employee, ever.","(200,[4,55,105,130,138,148,150,171,185],[3.3262343431887,3.2721671219184243,0.6753425559264385,2.366458499374806,4.270695952029551,3.2208738275308737,3.0811118851557153,3.914021008090819,0.6792718340663283])",1.0
R064,"new, report, research, movie, pass, teach., small, station, contain","(200,[15,22,32,39,59,93,105,185,192],[3.3262343431887,3.6516567436233283,2.7508701982851385,5.117993812416755,2.6902455764687034,3.0385522707369192,0.6753425559264385,0.6792718340663283,3.6516567436233283])",1.0
F037,"miracle, drug, confirmed, sources, sister, anyone, necessary, center, reason","(200,[23,56,60,66,80,121,144,179,188],[0.6714286566053024,2.8844015909096608,2.8844015909096608,2.38796470459577,4.019381523748645,2.6330871626287546,2.324785802974238,3.5085558999826545,0.6406569979385486])",0.0
R170,"new, report, technology, breakthrough, quickly","(200,[20,81,105,185,191],[2.579019941358479,2.2276220545205905,0.6753425559264385,0.6792718340663283,2.324785802974238])",1.0
F110,"celebrity, scandal, confirmed, sources, treatment, general, present, star., feeling","(200,[13,15,23,65,86,97,121,130,188],[2.4789364828014966,3.3262343431887,0.6714286566053024,4.42484663185681,2.4789364828014966,3.172083663361442,2.6330871626287546,2.366458499374806,0.6406569979385486])",0.0
F048,"secret, cure, confirmed, sources, control, event, significant, certainly","(200,[8,23,73,92,128,147,152,188],[2.5277266469709287,0.6714286566053024,3.5085558999826545,2.345405090176974,2.7826188965997183,2.324785802974238,3.7316994512968646,0.6406569979385486])",0.0
F082,"hoax, confirmed, sources, area, class, conference, party., across","(200,[1,7,23,49,57,74,177,188],[4.270695952029551,3.7316994512968646,0.6714286566053024,3.5085558999826545,3.383392757028649,4.019381523748645,2.4789364828014966,0.6406569979385486])",0.0
F187,"miracle, drug, confirmed, sources, reason, answer, everything, thus., every","(200,[19,23,49,56,60,81,144,156,188],[3.5085558999826545,0.6714286566053024,3.5085558999826545,2.8844015909096608,2.8844015909096608,2.2276220545205905,2.324785802974238,3.4440173788450834,0.6406569979385486])",0.0
F027,"miracle, drug, confirmed, sources, certain, say, agency.","(200,[23,51,56,60,62,88,188],[0.6714286566053024,3.914021008090819,2.8844015909096608,2.8844015909096608,3.7316994512968646,3.3262343431887,0.6406569979385486])",0.0
F202,"hoax, confirmed, sources, later, deep, increase, bill.","(200,[4,23,160,162,163,177,188],[3.3262343431887,0.6714286566053024,3.6516567436233283,4.42484663185681,3.914021008090819,2.4789364828014966,0.6406569979385486])",0.0
F197,"secret, cure, confirmed, sources, information, close, black., accept","(200,[11,23,57,92,97,147,188,190],[3.3262343431887,0.6714286566053024,3.383392757028649,2.345405090176974,3.172083663361442,2.324785802974238,0.6406569979385486,3.3262343431887])",0.0
R128,"new, report, climate, change, idea, gas, fish, form, movie.","(200,[7,21,105,115,158,176,185,187],[3.7316994512968646,5.0554532939418575,0.6753425559264385,3.3262343431887,3.125563647726549,3.6516567436233283,0.6792718340663283,2.579019941358479])",1.0
F157,"government, cover-up, confirmed, sources, rise, business, test, tough","(200,[13,16,23,47,59,174,186,188],[2.4789364828014966,3.2721671219184243,0.6714286566053024,2.849310271098391,2.6902455764687034,3.577548771469606,4.42484663185681,0.6406569979385486])",0.0
F117,"hoax, confirmed, sources, air, present, memory, indicate, already","(200,[23,85,88,130,141,177,188,194],[0.6714286566053024,3.3262343431887,3.3262343431887,2.366458499374806,3.172083663361442,2.4789364828014966,0.6406569979385486,3.914021008090819])",0.0
F173,"secret, cure, confirmed, sources, future, religious, forget, company, yet","(200,[23,37,88,92,93,142,146,147,188],[0.6714286566053024,4.42484663185681,3.3262343431887,2.345405090176974,3.0385522707369192,2.4324164671666035,3.0385522707369192,2.324785802974238,0.6406569979385486])",0.0
F024,"aliens, confirmed, sources, behind, six, consider, main, manage","(200,[1,23,37,50,83,112,146,188],[4.270695952029551,0.6714286566053024,4.42484663185681,2.7826188965997183,3.3262343431887,2.997730276216664,3.0385522707369192,0.6406569979385486])",0.0
F096,"celebrity, scandal, confirmed, sources, else, political, fire, soldier, blood","(200,[23,34,86,121,135,141,159,188,191],[0.6714286566053024,3.2208738275308737,2.4789364828014966,2.6330871626287546,2.997730276216664,3.172083663361442,3.5085558999826545,0.6406569979385486,2.324785802974238])",0.0
R247,"new, report, public, health, necessary, become, see, three, major","(200,[5,58,90,105,125,154,170,179,185],[2.920769235080536,3.914021008090819,3.577548771469606,0.6753425559264385,2.7826188965997183,3.3262343431887,2.849310271098391,3.5085558999826545,0.6792718340663283])",1.0
F226,"government, cover-up, confirmed, sources, remember, always, purpose, law.","(200,[11,13,23,59,85,89,138,188],[3.3262343431887,2.4789364828014966,0.6714286566053024,2.6902455764687034,3.3262343431887,3.914021008090819,4.270695952029551,0.6406569979385486])",0.0
F100,"flat, earth, confirmed, sources, five, start, change, ready, century.","(200,[23,76,118,157,174,187,188,196],[0.6714286566053024,2.057723017725193,2.958509563063383,3.2721671219184243,3.577548771469606,2.579019941358479,1.2813139958770972,3.2721671219184243])",0.0
F246,"government, cover-up, confirmed, sources, accept, black, resource, position., deal","(200,[13,19,23,33,57,59,70,148,188],[2.4789364828014966,3.5085558999826545,0.6714286566053024,3.2208738275308737,3.383392757028649,2.6902455764687034,3.7316994512968646,3.2208738275308737,0.6406569979385486])",0.0
F183,"aliens, confirmed, sources, idea, oil, exactly., heart, across","(200,[8,23,35,50,74,158,160,188],[2.5277266469709287,0.6714286566053024,3.172083663361442,2.7826188965997183,4.019381523748645,3.125563647726549,3.6516567436233283,0.6406569979385486])",0.0
R063,"new, report, policy, land, interesting, large, general, image, sound","(200,[22,34,65,103,105,142,148,166,185],[3.6516567436233283,3.2208738275308737,4.42484663185681,4.607168188650764,0.6753425559264385,2.4324164671666035,3.2208738275308737,3.383392757028649,0.6792718340663283])",1.0
R005,"new, report, election, military, couple, commercial, later","(200,[43,77,102,105,132,160,185],[3.0385522707369192,3.914021008090819,4.270695952029551,0.6753425559264385,2.4789364828014966,3.6516567436233283,0.6792718340663283])",1.0
R084,"new, report, election, media, act, several, appear, win, environmental","(200,[9,27,105,128,132,182,185,198],[3.577548771469606,7.828042016181638,0.6753425559264385,2.7826188965997183,2.4789364828014966,3.577548771469606,0.6792718340663283,4.019381523748645])",1.0
R124,"new, report, education, tax, part, hard, ten., experts, discuss","(200,[14,15,105,106,125,130,140,185,187],[2.997730276216664,3.3262343431887,0.6753425559264385,3.2721671219184243,2.7826188965997183,2.366458499374806,4.019381523748645,0.6792718340663283,2.579019941358479])",1.0
R118,"new, report, research, degree, individual, decide, whole, guy, institution","(200,[14,27,32,43,93,94,105,143,185],[2.997730276216664,3.914021008090819,2.7508701982851385,3.0385522707369192,3.0385522707369192,3.577548771469606,0.6753425559264385,2.849310271098391,0.6792718340663283])",1.0
F001,"aliens, confirmed, sources, audience, candidate, high, rise, reality","(200,[16,23,50,80,112,116,158,188],[3.2721671219184243,0.6714286566053024,2.7826188965997183,4.019381523748645,2.997730276216664,3.8187108282864943,3.125563647726549,0.6406569979385486])",0.0
F007,"immortal, jellyfish, confirmed, sources, economy, capital, nice, fire, team","(200,[17,23,66,68,76,141,170,188,191],[3.172083663361442,0.6714286566053024,2.38796470459577,3.4440173788450834,2.057723017725193,3.172083663361442,2.849310271098391,0.6406569979385486,2.324785802974238])",0.0
F046,"mind, control, confirmed, sources, current, chair, discover, his., girl","(200,[8,23,29,81,154,170,184,188,189],[2.5277266469709287,0.6714286566053024,3.8187108282864943,2.2276220545205905,3.3262343431887,2.849310271098391,2.5530444549552183,0.6406569979385486,3.0811118851557153])",0.0
R103,"new, report, research, peace, sing, remain., human, ability","(200,[4,32,51,81,97,103,105,185],[3.3262343431887,2.7508701982851385,3.914021008090819,2.2276220545205905,3.172083663361442,4.607168188650764,0.6753425559264385,0.6792718340663283])",1.0
R037,"new, report, budget, report, position, mrs, pattern, join","(200,[17,105,139,151,152,185,191],[3.172083663361442,1.350685111852877,3.6516567436233283,3.6516567436233283,3.7316994512968646,0.6792718340663283,2.324785802974238])",1.0
F193,"secret, cure, confirmed, sources, half, floor., edge, coach","(200,[23,92,114,120,121,147,180,188],[0.6714286566053024,2.345405090176974,3.6516567436233283,2.455405985391302,2.6330871626287546,2.324785802974238,4.42484663185681,0.6406569979385486])",0.0
R166,"new, report, election, fill, range, special., growth, similar","(200,[46,105,118,120,127,132,165,185],[3.914021008090819,0.6753425559264385,2.958509563063383,2.455405985391302,3.577548771469606,2.4789364828014966,4.607168188650764,0.6792718340663283])",1.0
F017,"immortal, jellyfish, confirmed, sources, chance, value, direction","(200,[3,23,66,76,146,154,188],[3.577548771469606,0.6714286566053024,2.38796470459577,2.057723017725193,3.0385522707369192,3.3262343431887,0.6406569979385486])",0.0
R008,"new, report, economic, growth, actually, care, coach, you., according","(200,[4,47,105,110,114,120,144,164,185],[3.3262343431887,2.849310271098391,0.6753425559264385,3.5085558999826545,3.6516567436233283,2.455405985391302,2.324785802974238,3.4440173788450834,0.6792718340663283])",1.0
F071,"celebrity, scandal, confirmed, sources, floor, team, occur, example","(200,[6,23,68,86,119,121,188],[2.997730276216664,0.6714286566053024,3.4440173788450834,2.4789364828014966,3.2208738275308737,5.266174325257509,0.6406569979385486])",0.0
F028,"mind, control, confirmed, sources, war, card, reveal, small, spend.","(200,[8,22,23,107,116,119,144,184,188],[2.5277266469709287,3.6516567436233283,0.6714286566053024,3.6516567436233283,3.8187108282864943,3.2208738275308737,2.324785802974238,2.5530444549552183,0.6406569979385486])",0.0
F227,"immortal, jellyfish, confirmed, sources, oil, traditional, know, executive","(200,[23,35,66,76,86,166,179,188],[0.6714286566053024,3.172083663361442,2.38796470459577,2.057723017725193,2.4789364828014966,3.383392757028649,3.5085558999826545,0.6406569979385486])",0.0
R200,"new, report, public, health, kitchen, standard, billion, those., meeting","(200,[5,20,57,58,105,156,167,170,185],[2.920769235080536,2.579019941358479,3.383392757028649,3.914021008090819,0.6753425559264385,3.4440173788450834,3.914021008090819,2.849310271098391,0.6792718340663283])",1.0
R225,"new, report, climate, change, avoid, list, piece, inside., season","(200,[21,65,105,128,133,158,185,187,188],[2.5277266469709287,4.42484663185681,0.6753425559264385,2.7826188965997183,3.125563647726549,3.125563647726549,0.6792718340663283,2.579019941358479,0.6406569979385486])",1.0
R062,"new, report, budget, report, name, past, fish, million.","(200,[15,75,105,124,176,185,191],[3.3262343431887,3.4440173788450834,1.350685111852877,3.5085558999826545,3.6516567436233283,0.6792718340663283,2.324785802974238])",1.0
F033,"hoax, confirmed, sources, difference, show, economy, work, professional","(200,[17,19,23,66,127,155,177,188],[3.172083663361442,3.5085558999826545,0.6714286566053024,2.38796470459577,3.577548771469606,4.019381523748645,2.4789364828014966,0.6406569979385486])",0.0
F012,"hoax, confirmed, sources, catch, shoulder, trade, tax.","(200,[19,23,129,149,156,177,188],[3.5085558999826545,0.6714286566053024,4.607168188650764,4.137164559405029,3.4440173788450834,2.4789364828014966,0.6406569979385486])",0.0
R121,"new, report, research, receive, whose, try, child, any.","(200,[17,32,44,93,105,139,147,185],[3.172083663361442,2.7508701982851385,3.2721671219184243,3.0385522707369192,0.6753425559264385,3.6516567436233283,2.324785802974238,0.6792718340663283])",1.0
F210,"aliens, confirmed, sources, avoid, chance, wear, travel","(200,[23,50,81,146,181,188],[0.6714286566053024,2.7826188965997183,2.2276220545205905,3.0385522707369192,4.607168188650764,1.2813139958770972])",0.0
F151,"hoax, confirmed, sources, form, congress, day, better, one, religious.","(200,[15,21,23,44,128,133,143,177,188],[3.3262343431887,2.5277266469709287,0.6714286566053024,3.2721671219184243,2.7826188965997183,3.125563647726549,2.849310271098391,2.4789364828014966,0.6406569979385486])",0.0
F099,"secret, cure, confirmed, sources, land, baby, growth, give, whose","(200,[23,92,120,139,147,148,183,188],[0.6714286566053024,2.345405090176974,2.455405985391302,3.6516567436233283,2.324785802974238,6.441747655061747,4.137164559405029,0.6406569979385486])",0.0
R090,"new, report, technology, breakthrough, meet, assume, require, move., major","(200,[20,49,58,64,81,105,140,160,185],[2.579019941358479,3.5085558999826545,3.914021008090819,4.270695952029551,2.2276220545205905,0.6753425559264385,4.019381523748645,3.6516567436233283,0.6792718340663283])",1.0
R125,"new, report, budget, report, prove, change, attack, no., site","(200,[14,70,91,93,105,185,187,191],[2.997730276216664,3.7316994512968646,3.7316994512968646,3.0385522707369192,1.350685111852877,0.6792718340663283,2.579019941358479,2.324785802974238])",1.0
R091,"new, report, climate, change, measure, thousand, information., kid","(200,[21,105,123,128,155,185,187,198],[2.5277266469709287,0.6753425559264385,3.4440173788450834,2.7826188965997183,4.019381523748645,0.6792718340663283,2.579019941358479,4.019381523748645])",1.0
R157,"new, report, climate, change, leave, local, letter, hard","(200,[21,28,105,113,125,164,185,187],[2.5277266469709287,3.8187108282864943,0.6753425559264385,3.5085558999826545,2.7826188965997183,3.4440173788450834,0.6792718340663283,2.579019941358479])",1.0
F098,"miracle, drug, confirmed, sources, one, sort, small., keep","(200,[15,23,45,56,60,120,188,194],[3.3262343431887,0.6714286566053024,3.8187108282864943,2.8844015909096608,2.8844015909096608,2.455405985391302,0.6406569979385486,3.914021008090819])",0.0
F164,"immortal, jellyfish, confirmed, sources, standard, person, top, idea., enjoy","(200,[5,23,49,66,76,128,167,175,188],[2.920769235080536,0.6714286566053024,3.5085558999826545,2.38796470459577,2.057723017725193,2.7826188965997183,3.914021008090819,4.270695952029551,0.6406569979385486])",0.0
R050,"new, report, economic, growth, rich, office, sister, site","(200,[12,91,105,120,121,144,185],[4.270695952029551,3.7316994512968646,0.6753425559264385,2.455405985391302,2.6330871626287546,4.649571605948476,0.6792718340663283])",1.0
R249,"new, report, climate, change, region, laugh, fight, on., onto","(200,[11,21,98,105,119,126,159,185,187],[3.3262343431887,2.5277266469709287,3.6516567436233283,0.6753425559264385,3.2208738275308737,3.914021008090819,3.5085558999826545,0.6792718340663283,2.579019941358479])",1.0
R093,"new, report, election, open, story, member., population, box, laugh","(200,[3,55,58,98,105,122,132,183,185],[3.577548771469606,3.2721671219184243,3.914021008090819,3.6516567436233283,0.6753425559264385,3.914021008090819,2.4789364828014966,4.137164559405029,0.6792718340663283])",1.0
R131,"new, report, education, soon, computer, teacher, wrong., matter","(200,[2,41,105,108,130,151,185],[4.137164559405029,3.383392757028649,1.350685111852877,4.137164559405029,2.366458499374806,3.6516567436233283,0.6792718340663283])",1.0
F107,"flat, earth, confirmed, sources, charge, rule, place, information","(200,[12,23,76,118,143,188,190],[4.270695952029551,0.6714286566053024,2.057723017725193,2.958509563063383,2.849310271098391,0.6406569979385486,6.6524686863774])",0.0
F153,"hoax, confirmed, sources, piece, beautiful, lay, special, make., sing","(200,[23,51,55,73,75,133,176,177,188],[0.6714286566053024,3.914021008090819,3.2721671219184243,3.5085558999826545,3.4440173788450834,3.125563647726549,3.6516567436233283,2.4789364828014966,0.6406569979385486])",0.0
F091,"flat, earth, confirmed, sources, two, arrive., expect, wonder","(200,[23,42,76,91,118,123,128,188],[0.6714286566053024,3.577548771469606,2.057723017725193,3.7316994512968646,2.958509563063383,3.4440173788450834,2.7826188965997183,0.6406569979385486])",0.0
R246,"new, report, economic, growth, office, particularly, find, painting.","(200,[43,105,110,120,138,144,185],[3.0385522707369192,0.6753425559264385,3.5085558999826545,2.455405985391302,4.270695952029551,4.649571605948476,0.6792718340663283])",1.0
F004,"secret, cure, confirmed, sources, offer, pick, form, task, office","(200,[21,23,51,92,144,147,158,172,188],[2.5277266469709287,0.6714286566053024,3.914021008090819,2.345405090176974,2.324785802974238,2.324785802974238,3.125563647726549,3.914021008090819,0.6406569979385486])",0.0
F220,"celebrity, scandal, confirmed, sources, social, degree, pay, read","(200,[23,50,86,97,121,143,188],[1.3428573132106048,2.7826188965997183,2.4789364828014966,3.172083663361442,2.6330871626287546,2.849310271098391,0.6406569979385486])",0.0
F121,"hoax, confirmed, sources, recognize, rich, drop, day, play, floor.","(200,[12,23,120,133,171,173,177,188],[4.270695952029551,0.6714286566053024,2.455405985391302,3.125563647726549,3.914021008090819,3.7316994512968646,4.957872965602993,0.6406569979385486])",0.0
F245,"mind, control, confirmed, sources, political, area, never, finish, guy.","(200,[8,23,49,81,135,175,178,184,188],[2.5277266469709287,0.6714286566053024,3.5085558999826545,2.2276220545205905,2.997730276216664,4.270695952029551,3.5085558999826545,2.5530444549552183,0.6406569979385486])",0.0
R035,"new, report, climate, change, especially, take, buy, book.","(200,[21,26,55,80,105,173,185,187],[2.5277266469709287,3.2208738275308737,3.2721671219184243,4.019381523748645,0.6753425559264385,3.7316994512968646,0.6792718340663283,2.579019941358479])",1.0
R024,"new, report, education, whole, source, case., manage, thing.","(200,[27,83,105,121,130,135,152,185],[3.914021008090819,3.3262343431887,0.6753425559264385,2.6330871626287546,2.366458499374806,2.997730276216664,3.7316994512968646,0.6792718340663283])",1.0
F079,"miracle, drug, confirmed, sources, old, list, environment, stock, try","(200,[7,23,56,60,83,93,128,188,193],[3.7316994512968646,0.6714286566053024,2.8844015909096608,2.8844015909096608,3.3262343431887,3.0385522707369192,2.7826188965997183,0.6406569979385486,3.8187108282864943])",0.0
R094,"new, report, policy, house, others, lawyer, keep, say., safe","(200,[21,36,42,105,139,140,142,185,194],[2.5277266469709287,4.607168188650764,3.577548771469606,0.6753425559264385,3.6516567436233283,4.019381523748645,2.4324164671666035,0.6792718340663283,3.914021008090819])",1.0
R040,"new, report, policy, knowledge, catch, fly, everyone, produce.","(200,[64,93,105,127,142,144,149,185],[4.270695952029551,3.0385522707369192,0.6753425559264385,3.577548771469606,2.4324164671666035,2.324785802974238,4.137164559405029,0.6792718340663283])",1.0
F170,"immortal, jellyfish, confirmed, sources, whether, call, sense, business, wife","(200,[6,21,23,47,66,76,146,174,188],[2.997730276216664,2.5277266469709287,0.6714286566053024,2.849310271098391,2.38796470459577,2.057723017725193,3.0385522707369192,3.577548771469606,0.6406569979385486])",0.0
F130,"immortal, jellyfish, confirmed, sources, night, deal, thing, yeah., measure","(200,[23,33,57,66,69,76,128,134,188],[0.6714286566053024,3.2208738275308737,3.383392757028649,2.38796470459577,3.914021008090819,2.057723017725193,2.7826188965997183,3.914021008090819,0.6406569979385486])",0.0
R085,"new, report, economic, growth, impact, community, energy, old, recently","(200,[34,83,105,107,120,144,172,174,185],[3.2208738275308737,3.3262343431887,0.6753425559264385,3.6516567436233283,2.455405985391302,2.324785802974238,3.914021008090819,3.577548771469606,0.6792718340663283])",1.0
R054,"new, report, budget, report, join, collection, including, establish., office","(200,[9,105,134,139,144,152,185,191],[3.577548771469606,1.350685111852877,3.914021008090819,3.6516567436233283,2.324785802974238,3.7316994512968646,0.6792718340663283,2.324785802974238])",1.0
R047,"new, report, technology, breakthrough, establish, rich, despite, success","(200,[12,20,28,81,101,105,123,185],[4.270695952029551,2.579019941358479,3.8187108282864943,2.2276220545205905,3.6516567436233283,0.6753425559264385,3.4440173788450834,0.6792718340663283])",1.0
R199,"new, report, economic, growth, example, step, space, kid, bed.","(200,[6,105,120,123,144,158,166,185,188],[2.997730276216664,0.6753425559264385,2.455405985391302,3.4440173788450834,2.324785802974238,3.125563647726549,3.383392757028649,0.6792718340663283,0.6406569979385486])",1.0
F062,"miracle, drug, confirmed, sources, report, however, song, across, glass","(200,[23,56,60,74,105,111,132,150,188],[0.6714286566053024,2.8844015909096608,2.8844015909096608,4.019381523748645,0.6753425559264385,4.270695952029551,2.4789364828014966,3.0811118851557153,0.6406569979385486])",0.0
R244,"new, report, technology, breakthrough, add, consumer, western, try","(200,[20,75,81,87,93,105,124,185],[2.579019941358479,3.4440173788450834,2.2276220545205905,3.3262343431887,3.0385522707369192,0.6753425559264385,3.5085558999826545,0.6792718340663283])",1.0
R107,"new, report, election, somebody, hotel, meet, however, bar","(200,[63,89,105,111,132,140,185],[4.019381523748645,3.914021008090819,0.6753425559264385,4.270695952029551,4.957872965602993,4.019381523748645,0.6792718340663283])",1.0
F148,"aliens, confirmed, sources, southern, health, turn, least, prove, board","(200,[5,14,23,34,50,54,86,143,188],[2.920769235080536,2.997730276216664,0.6714286566053024,3.2208738275308737,2.7826188965997183,3.577548771469606,2.4789364828014966,2.849310271098391,0.6406569979385486])",0.0
F023,"mind, control, confirmed, sources, hot, expert, simply, however.","(200,[8,23,42,61,93,114,184,188],[2.5277266469709287,0.6714286566053024,3.577548771469606,4.607168188650764,3.0385522707369192,3.6516567436233283,2.5530444549552183,0.6406569979385486])",0.0
R075,"new, report, budget, report, couple, stay, international, visit., win","(200,[33,102,105,171,185,188,191,198],[3.2208738275308737,4.270695952029551,1.350685111852877,3.914021008090819,0.6792718340663283,0.6406569979385486,2.324785802974238,4.019381523748645])",1.0
R220,"new, report, public, health, tough, crime, value, newspaper.","(200,[3,5,47,105,131,137,170,185],[3.577548771469606,2.920769235080536,2.849310271098391,0.6753425559264385,3.2721671219184243,3.7316994512968646,2.849310271098391,0.6792718340663283])",1.0
R099,"new, report, economic, growth, western, population, store, particularly, line.","(200,[43,58,105,115,120,124,144,184,185],[3.0385522707369192,3.914021008090819,0.6753425559264385,3.3262343431887,2.455405985391302,3.5085558999826545,2.324785802974238,2.5530444549552183,0.6792718340663283])",1.0
F066,"flat, earth, confirmed, sources, turn, drug, network, his., push","(200,[23,60,76,86,118,152,154,178,188],[0.6714286566053024,2.8844015909096608,2.057723017725193,2.4789364828014966,2.958509563063383,3.7316994512968646,3.3262343431887,3.5085558999826545,0.6406569979385486])",0.0
F060,"flat, earth, confirmed, sources, involve, wind, practice","(200,[23,71,76,80,118,158,188],[0.6714286566053024,3.5085558999826545,2.057723017725193,4.019381523748645,2.958509563063383,3.125563647726549,0.6406569979385486])",0.0
F022,"government, cover-up, confirmed, sources, perhaps, site, off., talk, thought","(200,[13,23,55,59,78,91,125,188],[2.4789364828014966,0.6714286566053024,3.2721671219184243,5.380491152937407,3.8187108282864943,3.7316994512968646,2.7826188965997183,0.6406569979385486])",0.0
F127,"mind, control, confirmed, sources, support, partner, unit, recently, ahead","(200,[8,17,23,34,68,116,135,184,188],[2.5277266469709287,3.172083663361442,0.6714286566053024,3.2208738275308737,3.4440173788450834,3.8187108282864943,2.997730276216664,2.5530444549552183,0.6406569979385486])",0.0
R212,"new, report, education, business, imagine, across, candidate, window.","(200,[19,74,101,105,130,158,174,185],[3.5085558999826545,4.019381523748645,3.6516567436233283,0.6753425559264385,2.366458499374806,3.125563647726549,3.577548771469606,0.6792718340663283])",1.0
F119,"mind, control, confirmed, sources, suggest, performance, nation, similar","(200,[8,14,16,23,46,151,184,188],[2.5277266469709287,2.997730276216664,3.2721671219184243,0.6714286566053024,3.914021008090819,3.6516567436233283,2.5530444549552183,0.6406569979385486])",0.0
F103,"hoax, confirmed, sources, see, member., develop, full, trouble","(200,[3,23,41,97,109,154,177,188],[3.577548771469606,0.6714286566053024,3.383392757028649,3.172083663361442,4.019381523748645,3.3262343431887,2.4789364828014966,0.6406569979385486])",0.0
F191,"mind, control, confirmed, sources, country, account, fish, cultural, trade.","(200,[8,23,33,70,166,176,184,187,188],[2.5277266469709287,0.6714286566053024,3.2208738275308737,3.7316994512968646,3.383392757028649,3.6516567436233283,2.5530444549552183,2.579019941358479,0.6406569979385486])",0.0
F002,"mind, control, confirmed, sources, reason, read, box, car, outside","(200,[8,23,50,74,122,144,168,184,188],[2.5277266469709287,0.6714286566053024,2.7826188965997183,4.019381523748645,3.914021008090819,2.324785802974238,3.7316994512968646,2.5530444549552183,0.6406569979385486])",0.0
R155,"new, report, election, spring, believe, call, guess, single, for.","(200,[41,44,60,89,105,132,133,146,185],[3.383392757028649,3.2721671219184243,2.8844015909096608,3.914021008090819,0.6753425559264385,2.4789364828014966,3.125563647726549,3.0385522707369192,0.6792718340663283])",1.0
R006,"new, report, technology, breakthrough, resource, design, serve, everyone","(200,[20,70,81,93,105,122,125,185],[2.579019941358479,3.7316994512968646,2.2276220545205905,3.0385522707369192,0.6753425559264385,3.914021008090819,2.7826188965997183,0.6792718340663283])",1.0
F086,"government, cover-up, confirmed, sources, nature, station, inside, city, speak","(200,[11,13,15,23,59,66,95,132,188],[3.3262343431887,2.4789364828014966,3.3262343431887,0.6714286566053024,2.6902455764687034,2.38796470459577,3.5085558999826545,2.4789364828014966,0.6406569979385486])",0.0
R168,"new, report, election, cover, area, individual, it., pick","(200,[5,14,49,104,105,132,172,185],[2.920769235080536,2.997730276216664,3.5085558999826545,4.270695952029551,0.6753425559264385,2.4789364828014966,3.914021008090819,0.6792718340663283])",1.0
R077,"new, report, public, health, future, list, church, debate","(200,[5,73,76,88,105,128,170,185],[2.920769235080536,3.5085558999826545,2.057723017725193,3.3262343431887,0.6753425559264385,2.7826188965997183,2.849310271098391,0.6792718340663283])",1.0
F209,"hoax, confirmed, sources, low, spring, modern., well, employee, argue","(200,[11,23,44,78,130,148,157,177,188],[3.3262343431887,0.6714286566053024,3.2721671219184243,3.8187108282864943,2.366458499374806,3.2208738275308737,3.2721671219184243,2.4789364828014966,0.6406569979385486])",0.0
R236,"new, report, public, health, head, town, administration, research, peace","(200,[5,32,64,97,105,115,170,185],[2.920769235080536,2.7508701982851385,4.270695952029551,3.172083663361442,0.6753425559264385,3.3262343431887,2.849310271098391,1.3585436681326566])",1.0
F186,"aliens, confirmed, sources, true, account, girl, company, likely., big","(200,[23,29,48,50,113,142,187,188],[0.6714286566053024,3.8187108282864943,3.8187108282864943,2.7826188965997183,3.5085558999826545,2.4324164671666035,2.579019941358479,1.2813139958770972])",0.0
R243,"new, report, public, health, apply, investment, leave, white","(200,[5,43,105,112,113,162,170,185],[2.920769235080536,3.0385522707369192,0.6753425559264385,2.997730276216664,3.5085558999826545,4.42484663185681,2.849310271098391,0.6792718340663283])",1.0
F094,"immortal, jellyfish, confirmed, sources, ability, kind, data, new, able.","(200,[23,44,66,76,81,95,130,185,188],[0.6714286566053024,3.2721671219184243,2.38796470459577,2.057723017725193,2.2276220545205905,3.5085558999826545,2.366458499374806,0.6792718340663283,0.6406569979385486])",0.0
R032,"new, report, economic, growth, type, treat, hospital, respond, program","(200,[100,105,120,126,130,144,150,173,185],[3.914021008090819,0.6753425559264385,2.455405985391302,3.914021008090819,2.366458499374806,2.324785802974238,3.0811118851557153,3.7316994512968646,0.6792718340663283])",1.0
R033,"new, report, education, owner, pretty, movement","(200,[53,94,105,119,130,185],[3.2721671219184243,3.577548771469606,0.6753425559264385,3.2208738275308737,2.366458499374806,0.6792718340663283])",1.0
R045,"new, report, technology, breakthrough, husband, return, glass., religious, design","(200,[8,20,32,35,81,93,105,122,185],[2.5277266469709287,2.579019941358479,2.7508701982851385,3.172083663361442,2.2276220545205905,3.0385522707369192,0.6753425559264385,3.914021008090819,0.6792718340663283])",1.0
R116,"new, report, education, long, enter, rather, feeling, although.","(200,[13,35,37,52,104,105,130,185],[2.4789364828014966,3.172083663361442,4.42484663185681,3.4440173788450834,4.270695952029551,0.6753425559264385,2.366458499374806,0.6792718340663283])",1.0
F056,"celebrity, scandal, confirmed, sources, alone, dream, husband, quality, tough","(200,[8,23,47,86,92,106,121,166,188],[2.5277266469709287,0.6714286566053024,2.849310271098391,2.4789364828014966,2.345405090176974,3.2721671219184243,2.6330871626287546,3.383392757028649,0.6406569979385486])",0.0
R043,"new, report, policy, guy, development, key, magazine, hot.","(200,[13,71,94,98,105,131,142,185],[2.4789364828014966,3.5085558999826545,3.577548771469606,3.6516567436233283,0.6753425559264385,3.2721671219184243,2.4324164671666035,0.6792718340663283])",1.0
R145,"new, report, economic, growth, two, officer, society, goal.","(200,[96,105,120,127,128,135,144,185],[3.4440173788450834,0.6753425559264385,2.455405985391302,3.577548771469606,2.7826188965997183,2.997730276216664,2.324785802974238,0.6792718340663283])",1.0
F200,"secret, cure, confirmed, sources, involve, wide, push., better","(200,[23,36,71,74,92,143,147,188],[0.6714286566053024,4.607168188650764,3.5085558999826545,4.019381523748645,2.345405090176974,2.849310271098391,2.324785802974238,0.6406569979385486])",0.0
F034,"celebrity, scandal, confirmed, sources, provide, two, century, surface., people","(200,[17,23,41,63,86,121,128,146,188],[3.172083663361442,0.6714286566053024,3.383392757028649,4.019381523748645,2.4789364828014966,2.6330871626287546,2.7826188965997183,3.0385522707369192,0.6406569979385486])",0.0
F149,"secret, cure, confirmed, sources, clear, opportunity, little, leader","(200,[11,23,92,126,147,176,188,190],[3.3262343431887,0.6714286566053024,2.345405090176974,3.914021008090819,2.324785802974238,3.6516567436233283,0.6406569979385486,3.3262343431887])",0.0
F051,"secret, cure, confirmed, sources, reduce, end, seat, focus., suffer","(200,[16,23,47,53,92,135,147,159,188],[3.2721671219184243,0.6714286566053024,2.849310271098391,3.2721671219184243,2.345405090176974,2.997730276216664,2.324785802974238,3.5085558999826545,0.6406569979385486])",0.0
F089,"flat, earth, confirmed, sources, collection, call, probably","(200,[9,23,76,97,118,146,188],[3.577548771469606,0.6714286566053024,2.057723017725193,3.172083663361442,2.958509563063383,3.0385522707369192,0.6406569979385486])",0.0
F135,"flat, earth, confirmed, sources, attention, agreement, daughter, page.","(200,[13,23,76,118,144,188],[4.957872965602993,1.3428573132106048,2.057723017725193,2.958509563063383,2.324785802974238,0.6406569979385486])",0.0
F088,"government, cover-up, confirmed, sources, coach, able, ahead, media","(200,[9,13,23,59,68,96,114,188],[3.577548771469606,2.4789364828014966,0.6714286566053024,2.6902455764687034,3.4440173788450834,3.4440173788450834,3.6516567436233283,0.6406569979385486])",0.0
R010,"new, report, election, spend., mean, song","(200,[105,109,116,132,150,185],[0.6753425559264385,4.019381523748645,3.8187108282864943,2.4789364828014966,3.0811118851557153,0.6792718340663283])",1.0
R211,"new, report, policy, president, finish, big, author, result.","(200,[48,70,105,106,142,150,178,185],[3.8187108282864943,3.7316994512968646,0.6753425559264385,3.2721671219184243,2.4324164671666035,3.0811118851557153,3.5085558999826545,0.6792718340663283])",1.0
F204,"miracle, drug, confirmed, sources, southern, owner, race, show, attorney","(200,[19,23,53,54,56,60,143,188],[3.5085558999826545,0.6714286566053024,6.544334243836849,3.577548771469606,2.8844015909096608,2.8844015909096608,2.849310271098391,0.6406569979385486])",0.0
F168,"miracle, drug, confirmed, sources, school, score, all., kitchen, food","(200,[23,53,56,60,79,127,135,156,188],[0.6714286566053024,3.2721671219184243,2.8844015909096608,2.8844015909096608,4.137164559405029,3.577548771469606,2.997730276216664,3.4440173788450834,0.6406569979385486])",0.0
R011,"new, report, public, health, marriage, hour, property, list","(200,[5,29,105,127,128,133,170,185],[2.920769235080536,3.8187108282864943,0.6753425559264385,3.577548771469606,2.7826188965997183,3.125563647726549,2.849310271098391,0.6792718340663283])",1.0
R232,"new, report, climate, change, cold, perform, alone, first., experts","(200,[21,92,98,105,106,120,156,185,187],[2.5277266469709287,2.345405090176974,3.6516567436233283,0.6753425559264385,3.2721671219184243,2.455405985391302,3.4440173788450834,0.6792718340663283,2.579019941358479])",1.0
R042,"new, report, public, health, want, answer, sometimes., heart, heavy","(200,[5,8,19,105,112,144,149,170,185],[2.920769235080536,2.5277266469709287,3.5085558999826545,0.6753425559264385,2.997730276216664,2.324785802974238,4.137164559405029,2.849310271098391,0.6792718340663283])",1.0
F182,"hoax, confirmed, sources, condition, war, win, use, green","(200,[23,119,128,133,151,177,188,198],[0.6714286566053024,3.2208738275308737,2.7826188965997183,3.125563647726549,3.6516567436233283,2.4789364828014966,0.6406569979385486,4.019381523748645])",0.0
F036,"miracle, drug, confirmed, sources, make, evening, worry, popular.","(200,[23,56,60,86,125,143,186,188],[0.6714286566053024,2.8844015909096608,2.8844015909096608,2.4789364828014966,2.7826188965997183,2.849310271098391,4.42484663185681,0.6406569979385486])",0.0
F068,"secret, cure, confirmed, sources, center, become, avoid, education, central","(200,[23,80,90,92,128,130,147,188],[0.6714286566053024,4.019381523748645,3.577548771469606,2.345405090176974,2.7826188965997183,2.366458499374806,2.324785802974238,1.2813139958770972])",0.0
R015,"new, report, election, throughout, choice, agreement, serious, space, member.","(200,[3,13,53,105,117,132,148,185,188],[3.577548771469606,2.4789364828014966,3.2721671219184243,0.6753425559264385,3.914021008090819,2.4789364828014966,3.2208738275308737,0.6792718340663283,0.6406569979385486])",1.0
R147,"new, report, climate, change, property, direction, significant, doctor","(200,[21,105,133,152,154,177,185,187],[2.5277266469709287,0.6753425559264385,3.125563647726549,3.7316994512968646,3.3262343431887,2.4789364828014966,0.6792718340663283,2.579019941358479])",1.0
F198,"government, cover-up, confirmed, sources, even, form, resource., fill, near","(200,[6,13,21,23,59,84,127,174,188],[2.997730276216664,2.4789364828014966,2.5277266469709287,0.6714286566053024,2.6902455764687034,4.830311739964974,3.577548771469606,3.577548771469606,0.6406569979385486])",0.0
R081,"new, report, climate, change, away, soon, staff., mind, let","(200,[21,41,67,73,105,137,184,185,187],[2.5277266469709287,3.383392757028649,4.607168188650764,3.5085558999826545,0.6753425559264385,3.7316994512968646,2.5530444549552183,0.6792718340663283,2.579019941358479])",1.0
F050,"aliens, confirmed, sources, leader, fish, notice, rise., next, example","(200,[6,23,50,73,125,126,154,176,188],[2.997730276216664,0.6714286566053024,2.7826188965997183,3.5085558999826545,2.7826188965997183,3.914021008090819,3.3262343431887,3.6516567436233283,0.6406569979385486])",0.0
F162,"celebrity, scandal, confirmed, sources, open, discussion, central, car., sometimes","(200,[23,69,86,90,115,121,128,183,188],[0.6714286566053024,3.914021008090819,2.4789364828014966,3.577548771469606,3.3262343431887,2.6330871626287546,2.7826188965997183,4.137164559405029,0.6406569979385486])",0.0
R028,"new, report, technology, breakthrough, also, even, claim, ability.","(200,[6,20,26,81,105,137,185,192],[2.997730276216664,2.579019941358479,3.2208738275308737,2.2276220545205905,0.6753425559264385,3.7316994512968646,0.6792718340663283,3.6516567436233283])",1.0
R195,"new, report, budget, report, behind, actually, according, trade, among.","(200,[19,47,71,105,146,164,185,191],[3.5085558999826545,2.849310271098391,3.5085558999826545,1.350685111852877,3.0385522707369192,3.4440173788450834,0.6792718340663283,2.324785802974238])",1.0
F116,"aliens, confirmed, sources, manager, nice, talk, must, artist, compare","(200,[23,46,50,52,125,131,170,188],[1.3428573132106048,3.914021008090819,2.7826188965997183,3.4440173788450834,2.7826188965997183,3.2721671219184243,2.849310271098391,0.6406569979385486])",0.0
R018,"new, report, research, give, floor, number, large, avoid, man.","(200,[22,32,46,105,119,183,185,188],[3.6516567436233283,2.7508701982851385,3.914021008090819,0.6753425559264385,6.441747655061747,4.137164559405029,0.6792718340663283,0.6406569979385486])",1.0
F073,"immortal, jellyfish, confirmed, sources, majority, kind, chair","(200,[23,44,66,76,81,188],[0.6714286566053024,6.544334243836849,2.38796470459577,2.057723017725193,2.2276220545205905,0.6406569979385486])",0.0
F059,"miracle, drug, confirmed, sources, study, although, data, son, nature","(200,[9,11,23,24,56,60,95,179,188],[3.577548771469606,3.3262343431887,0.6714286566053024,4.137164559405029,2.8844015909096608,2.8844015909096608,3.5085558999826545,3.5085558999826545,0.6406569979385486])",0.0
R078,"new, report, budget, report, mission, business, future, measure, onto","(200,[69,88,105,119,128,174,185,191],[3.914021008090819,3.3262343431887,1.350685111852877,3.2208738275308737,2.7826188965997183,3.577548771469606,0.6792718340663283,2.324785802974238])",1.0
F216,"secret, cure, confirmed, sources, note, fast, dog, fine.","(200,[23,63,92,109,147,164,188],[0.6714286566053024,4.019381523748645,4.690810180353948,4.019381523748645,2.324785802974238,3.4440173788450834,0.6406569979385486])",0.0
F206,"celebrity, scandal, confirmed, sources, provide, spring, one., find, half","(200,[23,44,66,86,110,121,146,180,188],[0.6714286566053024,3.2721671219184243,2.38796470459577,2.4789364828014966,3.5085558999826545,2.6330871626287546,3.0385522707369192,4.42484663185681,0.6406569979385486])",0.0
R036,"new, report, research, key, group, better, already, forget, of.","(200,[32,105,131,143,146,159,166,185,194],[2.7508701982851385,0.6753425559264385,3.2721671219184243,2.849310271098391,3.0385522707369192,3.5085558999826545,3.383392757028649,0.6792718340663283,3.914021008090819])",1.0
F104,"aliens, confirmed, sources, bring, tv, data, painting.","(200,[23,50,57,95,138,147,188],[0.6714286566053024,2.7826188965997183,3.383392757028649,3.5085558999826545,4.270695952029551,2.324785802974238,0.6406569979385486])",0.0
F000,"hoax, confirmed, sources, author, see, drop.","(200,[23,52,150,154,177,188],[0.6714286566053024,3.4440173788450834,3.0811118851557153,3.3262343431887,2.4789364828014966,0.6406569979385486])",0.0
R136,"new, report, education, institution, suggest, like, sense, protect, tell.","(200,[16,35,43,47,83,105,130,185],[3.2721671219184243,3.172083663361442,3.0385522707369192,2.849310271098391,3.3262343431887,0.6753425559264385,4.732916998749612,0.6792718340663283])",1.0
F019,"immortal, jellyfish, confirmed, sources, hotel, bag, note., likely","(200,[15,23,63,66,76,109,188,199],[3.3262343431887,0.6714286566053024,4.019381523748645,2.38796470459577,2.057723017725193,4.019381523748645,0.6406569979385486,5.117993812416755])",0.0
R012,"new, report, technology, breakthrough, long, oil, store, old, summer","(200,[20,35,81,83,104,105,184,185],[2.579019941358479,3.172083663361442,4.455244109041181,3.3262343431887,4.270695952029551,0.6753425559264385,2.5530444549552183,0.6792718340663283])",1.0
R052,"new, report, education, agreement, notice, soldier, society., pressure, hit","(200,[13,48,52,61,105,125,130,141,185],[2.4789364828014966,3.8187108282864943,3.4440173788450834,4.607168188650764,0.6753425559264385,2.7826188965997183,2.366458499374806,3.172083663361442,0.6792718340663283])",1.0
R123,"new, report, climate, change, firm, yes, town, compare., table","(200,[21,44,94,105,115,131,170,185,187],[2.5277266469709287,3.2721671219184243,3.577548771469606,0.6753425559264385,3.3262343431887,3.2721671219184243,2.849310271098391,0.6792718340663283,2.579019941358479])",1.0
F040,"government, cover-up, confirmed, sources, change, able, media, performance, network","(200,[9,13,23,59,96,151,152,187,188],[3.577548771469606,2.4789364828014966,0.6714286566053024,2.6902455764687034,3.4440173788450834,3.6516567436233283,3.7316994512968646,2.579019941358479,0.6406569979385486])",0.0
R160,"new, report, climate, change, maintain, current, indicate, foreign, return.","(200,[6,21,47,84,85,105,185,187,189],[2.997730276216664,2.5277266469709287,2.849310271098391,4.830311739964974,3.3262343431887,0.6753425559264385,0.6792718340663283,2.579019941358479,3.0811118851557153])",1.0
F067,"immortal, jellyfish, confirmed, sources, push, lose, develop, something","(200,[22,23,26,41,66,76,178,188],[3.6516567436233283,0.6714286566053024,3.2208738275308737,3.383392757028649,2.38796470459577,2.057723017725193,3.5085558999826545,0.6406569979385486])",0.0
R069,"new, report, research, body, national, daughter, imagine","(200,[23,32,41,101,105,110,185],[0.6714286566053024,2.7508701982851385,3.383392757028649,3.6516567436233283,0.6753425559264385,3.5085558999826545,0.6792718340663283])",1.0
F160,"mind, control, confirmed, sources, old, author, financial, receive, nearly","(200,[7,8,17,23,66,83,150,184,188],[3.7316994512968646,2.5277266469709287,3.172083663361442,0.6714286566053024,2.38796470459577,3.3262343431887,3.0811118851557153,2.5530444549552183,0.6406569979385486])",0.0
F053,"hoax, confirmed, sources, trouble, notice, future, perform, among., upon","(200,[23,71,88,98,109,125,135,177,188],[0.6714286566053024,3.5085558999826545,3.3262343431887,3.6516567436233283,4.019381523748645,2.7826188965997183,2.997730276216664,2.4789364828014966,0.6406569979385486])",0.0
R074,"new, report, education, magazine, pay, hospital., local, decade","(200,[13,28,30,97,105,130,134,185],[2.4789364828014966,3.8187108282864943,3.5085558999826545,3.172083663361442,0.6753425559264385,2.366458499374806,3.914021008090819,0.6792718340663283])",1.0
R007,"new, report, election, become, however, simply, study, fall","(200,[24,42,90,105,111,129,132,185],[4.137164559405029,3.577548771469606,3.577548771469606,0.6753425559264385,4.270695952029551,4.607168188650764,2.4789364828014966,0.6792718340663283])",1.0
R119,"new, report, climate, change, appear, choice, occur, color","(200,[21,32,53,105,121,182,185,187],[2.5277266469709287,2.7508701982851385,3.2721671219184243,0.6753425559264385,2.6330871626287546,3.577548771469606,0.6792718340663283,2.579019941358479])",1.0
R087,"new, report, budget, report, relate, decade, hand","(200,[23,30,105,185,188,191],[0.6714286566053024,3.5085558999826545,1.350685111852877,0.6792718340663283,0.6406569979385486,2.324785802974238])",1.0
F145,"miracle, drug, confirmed, sources, middle, without, build, great, cut","(200,[6,14,23,43,56,60,78,150,188],[2.997730276216664,2.997730276216664,0.6714286566053024,3.0385522707369192,2.8844015909096608,2.8844015909096608,3.8187108282864943,3.0811118851557153,0.6406569979385486])",0.0
R065,"new, report, budget, report, safe, local, second, admit, detail.","(200,[28,42,56,105,114,136,185,191],[3.8187108282864943,3.577548771469606,2.8844015909096608,1.350685111852877,3.6516567436233283,4.137164559405029,0.6792718340663283,2.324785802974238])",1.0
R208,"new, report, budget, report, heart, ball, soldier, live, civil","(200,[8,92,93,105,141,185,191,193],[2.5277266469709287,2.345405090176974,3.0385522707369192,1.350685111852877,3.172083663361442,0.6792718340663283,2.324785802974238,3.8187108282864943])",1.0
R048,"new, report, budget, report, set, central, return, hundred, behind","(200,[35,105,128,142,146,175,185,191],[3.172083663361442,1.350685111852877,2.7826188965997183,2.4324164671666035,3.0385522707369192,4.270695952029551,0.6792718340663283,2.324785802974238])",1.0
F076,"aliens, confirmed, sources, price, news, wish, writer, debate, industry","(200,[10,23,33,50,76,95,106,138,188],[4.830311739964974,0.6714286566053024,3.2208738275308737,2.7826188965997183,2.057723017725193,3.5085558999826545,3.2721671219184243,4.270695952029551,0.6406569979385486])",0.0
R019,"new, report, policy, cut, president, table, air., rich, us","(200,[6,12,60,105,106,118,131,142,185],[2.997730276216664,4.270695952029551,2.8844015909096608,0.6753425559264385,3.2721671219184243,2.958509563063383,3.2721671219184243,2.4324164671666035,0.6792718340663283])",1.0
F115,"immortal, jellyfish, confirmed, sources, brother, debate, make, position, value","(200,[3,23,66,76,91,125,139,188],[3.577548771469606,0.6714286566053024,2.38796470459577,4.115446035450386,3.7316994512968646,2.7826188965997183,3.6516567436233283,0.6406569979385486])",0.0
R031,"new, report, education, trouble, example, action, staff., rest, however","(200,[6,33,73,105,108,109,111,130,185],[2.997730276216664,3.2208738275308737,3.5085558999826545,0.6753425559264385,4.137164559405029,4.019381523748645,4.270695952029551,2.366458499374806,0.6792718340663283])",1.0
R190,"new, report, research, language, blue, health, sure, service., lot","(200,[5,21,32,105,116,143,168,185],[2.920769235080536,5.0554532939418575,2.7508701982851385,0.6753425559264385,3.8187108282864943,2.849310271098391,3.7316994512968646,0.6792718340663283])",1.0
F057,"mind, control, confirmed, sources, pass, plan, rate, place","(200,[8,23,53,123,184,188,190,192],[2.5277266469709287,0.6714286566053024,3.2721671219184243,3.4440173788450834,2.5530444549552183,0.6406569979385486,3.3262343431887,3.6516567436233283])",0.0
F158,"immortal, jellyfish, confirmed, sources, hard, key, talk, evening, wife","(200,[21,23,66,76,86,125,131,188],[2.5277266469709287,0.6714286566053024,2.38796470459577,2.057723017725193,2.4789364828014966,5.565237793199437,3.2721671219184243,0.6406569979385486])",0.0
F234,"flat, earth, confirmed, sources, direction, cup, power., together","(200,[23,29,59,76,112,118,154,188],[0.6714286566053024,3.8187108282864943,2.6902455764687034,2.057723017725193,2.997730276216664,2.958509563063383,3.3262343431887,0.6406569979385486])",0.0
F155,"flat, earth, confirmed, sources, second, design, environmental, appear, ready","(200,[23,27,56,76,118,122,157,182,188],[0.6714286566053024,3.914021008090819,2.8844015909096608,2.057723017725193,2.958509563063383,3.914021008090819,3.2721671219184243,3.577548771469606,0.6406569979385486])",0.0
F106,"flat, earth, confirmed, sources, actually, success, listen, job, discussion","(200,[23,28,29,47,76,115,118,157,188],[0.6714286566053024,3.8187108282864943,3.8187108282864943,2.849310271098391,2.057723017725193,3.3262343431887,2.958509563063383,3.2721671219184243,0.6406569979385486])",0.0
R051,"new, report, policy, ok, stage, machine, call, instead, customer.","(200,[30,40,45,105,114,127,142,146,185],[3.5085558999826545,4.019381523748645,3.8187108282864943,0.6753425559264385,3.6516567436233283,3.577548771469606,2.4324164671666035,3.0385522707369192,0.6792718340663283])",1.0
R203,"new, report, education, look, ahead, evidence, likely., history, difference","(200,[54,66,68,105,113,130,139,143,185],[3.577548771469606,2.38796470459577,3.4440173788450834,0.6753425559264385,3.5085558999826545,2.366458499374806,3.6516567436233283,2.849310271098391,0.6792718340663283])",1.0
F063,"secret, cure, confirmed, sources, establish, effect, radio, office, seat","(200,[23,47,86,92,123,124,144,147,188],[0.6714286566053024,2.849310271098391,2.4789364828014966,2.345405090176974,3.4440173788450834,3.5085558999826545,2.324785802974238,2.324785802974238,0.6406569979385486])",0.0
R080,"new, report, policy, beat, nation, sometimes, police., good, kitchen","(200,[14,69,105,142,156,168,169,185,191],[2.997730276216664,3.914021008090819,0.6753425559264385,2.4324164671666035,3.4440173788450834,3.7316994512968646,4.607168188650764,0.6792718340663283,2.324785802974238])",1.0
R226,"new, report, public, health, effect, movie, purpose., choose","(200,[5,39,105,106,124,134,170,185],[2.920769235080536,5.117993812416755,0.6753425559264385,3.2721671219184243,3.5085558999826545,3.914021008090819,2.849310271098391,0.6792718340663283])",1.0
F144,"hoax, confirmed, sources, fact, power, scientist, suffer, future., bag","(200,[15,23,26,56,135,147,177,188],[6.6524686863774,0.6714286566053024,3.2208738275308737,2.8844015909096608,2.997730276216664,2.324785802974238,2.4789364828014966,0.6406569979385486])",0.0
F241,"flat, earth, confirmed, sources, organization, affect, state, husband","(200,[8,23,55,76,118,164,188],[5.0554532939418575,0.6714286566053024,3.2721671219184243,2.057723017725193,2.958509563063383,3.4440173788450834,0.6406569979385486])",0.0
R150,"new, report, election, bring, second, education., space, role","(200,[47,56,57,105,132,150,185,188],[2.849310271098391,2.8844015909096608,3.383392757028649,0.6753425559264385,2.4789364828014966,3.0811118851557153,0.6792718340663283,0.6406569979385486])",1.0
R153,"new, report, research, attention, finish, future, approach","(200,[32,88,95,105,144,178,185],[2.7508701982851385,3.3262343431887,3.5085558999826545,0.6753425559264385,2.324785802974238,3.5085558999826545,0.6792718340663283])",1.0
F175,"hoax, confirmed, sources, single, manage, require, pick, modern, west","(200,[23,49,83,85,89,136,172,177,188],[0.6714286566053024,3.5085558999826545,3.3262343431887,3.3262343431887,3.914021008090819,4.137164559405029,3.914021008090819,2.4789364828014966,0.6406569979385486])",0.0
F161,"immortal, jellyfish, confirmed, sources, soon, see, recent, prevent, decade.","(200,[23,41,52,66,76,154,188,191,197],[0.6714286566053024,3.383392757028649,3.4440173788450834,2.38796470459577,2.057723017725193,3.3262343431887,0.6406569979385486,2.324785802974238,4.137164559405029])",0.0
F147,"secret, cure, confirmed, sources, culture, character, lawyer, senior., drive","(200,[21,23,38,45,67,92,125,147,188],[2.5277266469709287,0.6714286566053024,3.914021008090819,3.8187108282864943,4.607168188650764,2.345405090176974,2.7826188965997183,2.324785802974238,0.6406569979385486])",0.0
F018,"secret, cure, confirmed, sources, bank, able, member, result, street","(200,[23,84,92,96,147,182,188,190,199],[0.6714286566053024,4.830311739964974,2.345405090176974,3.4440173788450834,2.324785802974238,3.577548771469606,0.6406569979385486,3.3262343431887,5.117993812416755])",0.0
F211,"celebrity, scandal, confirmed, sources, allow, western, himself., exactly, even","(200,[6,23,35,86,96,121,124,188,192],[2.997730276216664,0.6714286566053024,3.172083663361442,2.4789364828014966,3.4440173788450834,2.6330871626287546,3.5085558999826545,0.6406569979385486,3.6516567436233283])",0.0
R117,"new, report, research, local, manager, music, now., find, finish","(200,[2,28,32,52,105,110,170,178,185],[4.137164559405029,3.8187108282864943,2.7508701982851385,3.4440173788450834,0.6753425559264385,3.5085558999826545,2.849310271098391,3.5085558999826545,0.6792718340663283])",1.0
F016,"aliens, confirmed, sources, drop, plan, say, measure, for.","(200,[23,41,50,62,123,128,177,188],[0.6714286566053024,3.383392757028649,2.7826188965997183,3.7316994512968646,3.4440173788450834,2.7826188965997183,2.4789364828014966,0.6406569979385486])",0.0
F029,"flat, earth, confirmed, sources, later, news, exist, game, agree","(200,[2,23,33,76,118,125,160,175,188],[4.137164559405029,0.6714286566053024,3.2208738275308737,2.057723017725193,2.958509563063383,2.7826188965997183,3.6516567436233283,4.270695952029551,0.6406569979385486])",0.0
F205,"celebrity, scandal, confirmed, sources, grow, participant, agreement, bar., phone","(200,[4,11,13,23,26,86,121,188,196],[3.3262343431887,3.3262343431887,2.4789364828014966,0.6714286566053024,3.2208738275308737,2.4789364828014966,2.6330871626287546,0.6406569979385486,3.2721671219184243])",0.0
R112,"new, report, economic, growth, physical, water, color, close, line","(200,[32,49,97,105,120,144,182,185,189],[2.7508701982851385,3.5085558999826545,3.172083663361442,0.6753425559264385,2.455405985391302,2.324785802974238,3.577548771469606,0.6792718340663283,3.0811118851557153])",1.0
F218,"government, cover-up, confirmed, sources, early, war, road, person, end","(200,[13,23,49,53,59,92,119,125,188],[2.4789364828014966,0.6714286566053024,3.5085558999826545,3.2721671219184243,2.6902455764687034,2.345405090176974,3.2208738275308737,2.7826188965997183,0.6406569979385486])",0.0
R187,"new, report, education, single, assume, agree, need, forward., teacher","(200,[64,86,89,105,108,125,130,137,185],[4.270695952029551,2.4789364828014966,3.914021008090819,0.6753425559264385,4.137164559405029,2.7826188965997183,2.366458499374806,3.7316994512968646,0.6792718340663283])",1.0
F087,"celebrity, scandal, confirmed, sources, goal, arm, may, contain","(200,[23,86,89,93,121,160,184,188],[0.6714286566053024,2.4789364828014966,3.914021008090819,3.0385522707369192,2.6330871626287546,3.6516567436233283,2.5530444549552183,0.6406569979385486])",0.0
R171,"new, report, education, free, southern, different, skin, particularly","(200,[33,43,73,83,105,130,143,185],[3.2208738275308737,3.0385522707369192,3.5085558999826545,3.3262343431887,0.6753425559264385,2.366458499374806,2.849310271098391,0.6792718340663283])",1.0
R113,"new, report, technology, breakthrough, right, bank, order, message, policy","(200,[20,26,81,105,115,142,182,185,190],[2.579019941358479,3.2208738275308737,2.2276220545205905,0.6753425559264385,3.3262343431887,2.4324164671666035,3.577548771469606,0.6792718340663283,3.3262343431887])",1.0
R222,"new, report, public, health, part, listen, pay., sense","(200,[5,29,47,76,105,140,170,185],[2.920769235080536,3.8187108282864943,2.849310271098391,2.057723017725193,0.6753425559264385,4.019381523748645,2.849310271098391,0.6792718340663283])",1.0
F233,"secret, cure, confirmed, sources, bill, north, player, hot","(200,[4,23,92,93,135,147,178,188],[3.3262343431887,0.6714286566053024,2.345405090176974,3.0385522707369192,2.997730276216664,2.324785802974238,3.5085558999826545,0.6406569979385486])",0.0
R223,"new, report, climate, change, class, despite, suggest., ability","(200,[7,21,78,81,101,105,185,187],[3.7316994512968646,2.5277266469709287,3.8187108282864943,2.2276220545205905,3.6516567436233283,0.6753425559264385,0.6792718340663283,2.579019941358479])",1.0
F224,"secret, cure, confirmed, sources, ever, democratic, experience, order, party","(200,[6,23,26,35,92,147,179,188,194],[2.997730276216664,0.6714286566053024,3.2208738275308737,3.172083663361442,2.345405090176974,2.324785802974238,3.5085558999826545,0.6406569979385486,3.914021008090819])",0.0
R181,"new, report, climate, change, evidence, similar, affect, board","(200,[21,46,54,55,105,185,187],[2.5277266469709287,3.914021008090819,7.155097542939212,3.2721671219184243,0.6753425559264385,0.6792718340663283,2.579019941358479])",1.0
R056,"new, report, public, health, ask, blood","(200,[5,105,107,159,170,185],[2.920769235080536,0.6753425559264385,3.6516567436233283,3.5085558999826545,2.849310271098391,0.6792718340663283])",1.0
R110,"new, report, education, option, already, under., individual","(200,[13,14,105,130,182,185,194],[2.4789364828014966,2.997730276216664,0.6753425559264385,2.366458499374806,3.577548771469606,0.6792718340663283,3.914021008090819])",1.0
R219,"new, report, education, speak, think, success, produce, stock","(200,[28,48,105,130,132,135,185,193],[3.8187108282864943,3.8187108282864943,0.6753425559264385,2.366458499374806,2.4789364828014966,2.997730276216664,0.6792718340663283,3.8187108282864943])",1.0
R224,"new, report, education, well, thank, magazine., interview, billion","(200,[19,35,58,87,105,130,157,185],[3.5085558999826545,3.172083663361442,3.914021008090819,3.3262343431887,0.6753425559264385,2.366458499374806,3.2721671219184243,0.6792718340663283])",1.0
F178,"immortal, jellyfish, confirmed, sources, stay, wall, worry, possible, enough.","(200,[4,23,33,66,76,100,143,188,197],[3.3262343431887,0.6714286566053024,3.2208738275308737,2.38796470459577,2.057723017725193,3.914021008090819,2.849310271098391,0.6406569979385486,4.137164559405029])",0.0
F074,"secret, cure, confirmed, sources, arm, event, song, join., green","(200,[23,92,128,147,150,151,184,188,194],[0.6714286566053024,2.345405090176974,2.7826188965997183,2.324785802974238,3.0811118851557153,3.6516567436233283,2.5530444549552183,0.6406569979385486,3.914021008090819])",0.0
R034,"new, report, budget, report, black, throw, final, also","(200,[53,105,125,148,185,191,192],[3.2721671219184243,1.350685111852877,2.7826188965997183,3.2208738275308737,0.6792718340663283,2.324785802974238,3.6516567436233283])",1.0
R095,"new, report, policy, term, decision, heart, prove, probably, like","(200,[8,14,97,105,130,142,185,188,193],[2.5277266469709287,2.997730276216664,3.172083663361442,0.6753425559264385,2.366458499374806,2.4324164671666035,0.6792718340663283,0.6406569979385486,3.8187108282864943])",1.0
F011,"aliens, confirmed, sources, idea, defense, do., hard, gun","(200,[23,50,62,113,125,143,158,188],[0.6714286566053024,2.7826188965997183,3.7316994512968646,3.5085558999826545,2.7826188965997183,2.849310271098391,3.125563647726549,0.6406569979385486])",0.0
R162,"new, report, policy, wind, day, eye, pull, rich.","(200,[42,105,133,141,142,158,185,197],[3.577548771469606,0.6753425559264385,3.125563647726549,3.172083663361442,2.4324164671666035,3.125563647726549,0.6792718340663283,4.137164559405029])",1.0
R218,"new, report, election, data, kind, fund, indicate, store","(200,[38,44,85,95,105,132,184,185],[3.914021008090819,3.2721671219184243,3.3262343431887,3.5085558999826545,0.6753425559264385,2.4789364828014966,2.5530444549552183,0.6792718340663283])",1.0
F136,"miracle, drug, confirmed, sources, authority, summer, nearly, history","(200,[23,56,60,66,81,143,176,188],[0.6714286566053024,2.8844015909096608,2.8844015909096608,2.38796470459577,2.2276220545205905,2.849310271098391,3.6516567436233283,0.6406569979385486])",0.0
R108,"new, report, economic, growth, mother, stay, need, number., nation","(200,[14,33,102,105,120,137,144,154,185],[2.997730276216664,3.2208738275308737,4.270695952029551,0.6753425559264385,2.455405985391302,3.7316994512968646,2.324785802974238,3.3262343431887,0.6792718340663283])",1.0
R186,"new, report, research, mission, direction, specific, administration, college, tonight","(200,[32,57,59,69,105,154,185,189],[2.7508701982851385,3.383392757028649,2.6902455764687034,3.914021008090819,0.6753425559264385,3.3262343431887,1.3585436681326566,3.0811118851557153])",1.0
R248,"new, report, technology, breakthrough, dream, mean, city, lose, six","(200,[1,20,22,81,95,105,109,166,185],[4.270695952029551,2.579019941358479,3.6516567436233283,2.2276220545205905,3.5085558999826545,0.6753425559264385,4.019381523748645,3.383392757028649,0.6792718340663283])",1.0
F045,"immortal, jellyfish, confirmed, sources, garden, late, price, issue, eye","(200,[16,23,66,76,79,136,138,141,188],[3.2721671219184243,0.6714286566053024,2.38796470459577,2.057723017725193,4.137164559405029,4.137164559405029,4.270695952029551,3.172083663361442,0.6406569979385486])",0.0
F092,"secret, cure, confirmed, sources, energy, power, nature, buy.","(200,[11,23,56,92,107,126,147,188],[3.3262343431887,0.6714286566053024,2.8844015909096608,2.345405090176974,3.6516567436233283,3.914021008090819,2.324785802974238,0.6406569979385486])",0.0
R100,"new, report, technology, breakthrough, focus, goal, away, senior, measure","(200,[20,81,89,105,128,131,137,144,185],[2.579019941358479,2.2276220545205905,3.914021008090819,0.6753425559264385,2.7826188965997183,3.2721671219184243,3.7316994512968646,2.324785802974238,0.6792718340663283])",1.0
F075,"miracle, drug, confirmed, sources, character, campaign, chair, society.","(200,[23,48,56,60,67,75,81,188],[0.6714286566053024,3.8187108282864943,2.8844015909096608,2.8844015909096608,4.607168188650764,3.4440173788450834,2.2276220545205905,0.6406569979385486])",0.0
R059,"new, report, technology, breakthrough, player, perform, light, sort","(200,[4,20,81,98,105,120,185],[3.3262343431887,2.579019941358479,2.2276220545205905,3.6516567436233283,0.6753425559264385,4.910811970782604,0.6792718340663283])",1.0
F213,"hoax, confirmed, sources, wide, discuss, nothing, public., season","(200,[14,23,36,92,158,166,177,188],[2.997730276216664,0.6714286566053024,4.607168188650764,2.345405090176974,3.125563647726549,3.383392757028649,2.4789364828014966,0.6406569979385486])",0.0
R233,"new, report, education, around, word, clearly, player, network.","(200,[4,38,105,115,119,130,185,197],[3.3262343431887,3.914021008090819,0.6753425559264385,3.3262343431887,3.2208738275308737,2.366458499374806,0.6792718340663283,4.137164559405029])",1.0
F072,"mind, control, confirmed, sources, know, development, middle, wait","(200,[8,23,71,77,78,179,184,188],[2.5277266469709287,0.6714286566053024,3.5085558999826545,3.914021008090819,3.8187108282864943,3.5085558999826545,2.5530444549552183,0.6406569979385486])",0.0
R184,"new, report, budget, report, exactly, rule, commercial, pass., rule","(200,[43,96,105,143,171,185,191],[3.0385522707369192,3.4440173788450834,1.350685111852877,5.698620542196782,3.914021008090819,0.6792718340663283,2.324785802974238])",1.0
F134,"secret, cure, confirmed, sources, various, player, month., brother","(200,[4,23,47,81,91,92,147,188],[3.3262343431887,0.6714286566053024,2.849310271098391,2.2276220545205905,3.7316994512968646,2.345405090176974,2.324785802974238,0.6406569979385486])",0.0
R096,"new, report, research, anyone, month, foot., open, first, career","(200,[3,32,41,66,105,130,141,183,185],[3.577548771469606,2.7508701982851385,3.383392757028649,2.38796470459577,0.6753425559264385,2.366458499374806,3.172083663361442,4.137164559405029,0.6792718340663283])",1.0
R020,"new, report, policy, eye, detail, provide, artist., try","(200,[93,105,117,141,142,143,146,185],[3.0385522707369192,0.6753425559264385,3.914021008090819,3.172083663361442,2.4324164671666035,2.849310271098391,3.0385522707369192,0.6792718340663283])",1.0
R067,"new, report, policy, son, environment, order, eat., guy, service","(200,[6,7,9,26,52,94,105,142,185],[2.997730276216664,3.7316994512968646,3.577548771469606,3.2208738275308737,3.4440173788450834,3.577548771469606,0.6753425559264385,2.4324164671666035,0.6792718340663283])",1.0
R215,"new, report, education, suddenly, television, character, away, director., surface","(200,[8,67,81,105,113,130,137,181,185],[2.5277266469709287,4.607168188650764,2.2276220545205905,0.6753425559264385,3.5085558999826545,2.366458499374806,3.7316994512968646,4.607168188650764,0.6792718340663283])",1.0
R127,"new, report, policy, far, stay, process, compare, federal., probably","(200,[33,40,46,97,105,142,158,182,185],[3.2208738275308737,4.019381523748645,3.914021008090819,3.172083663361442,0.6753425559264385,2.4324164671666035,3.125563647726549,3.577548771469606,0.6792718340663283])",1.0
R235,"new, report, technology, breakthrough, black, especially, management, story, less","(200,[20,41,55,81,105,148,173,185,195],[2.579019941358479,3.383392757028649,3.2721671219184243,2.2276220545205905,0.6753425559264385,3.2208738275308737,3.7316994512968646,0.6792718340663283,4.42484663185681])",1.0
R163,"new, report, climate, change, offer, account, party, past., bed","(200,[21,97,105,108,158,179,185,187],[2.5277266469709287,3.172083663361442,0.6753425559264385,4.137164559405029,3.125563647726549,3.5085558999826545,0.6792718340663283,5.158039882716958])",1.0
R002,"new, report, education, find, hope, treat, fly","(200,[0,105,110,130,144,150,185],[4.019381523748645,0.6753425559264385,3.5085558999826545,2.366458499374806,2.324785802974238,3.0811118851557153,0.6792718340663283])",1.0
R021,"new, report, education, draw, nothing, see, general, east","(200,[65,92,105,130,154,167,176,185],[4.42484663185681,2.345405090176974,0.6753425559264385,2.366458499374806,3.3262343431887,3.914021008090819,3.6516567436233283,0.6792718340663283])",1.0
R013,"new, report, technology, breakthrough, party, light, support","(200,[17,20,81,105,120,179,185],[3.172083663361442,2.579019941358479,2.2276220545205905,0.6753425559264385,2.455405985391302,3.5085558999826545,0.6792718340663283])",1.0
F195,"flat, earth, confirmed, sources, bit, show, sing, beautiful","(200,[19,23,51,73,76,118,188,189],[3.5085558999826545,0.6714286566053024,3.914021008090819,3.5085558999826545,2.057723017725193,2.958509563063383,0.6406569979385486,3.0811118851557153])",0.0
R101,"new, report, research, stock, past, pressure, structure, blood, establish","(200,[32,61,75,105,123,159,185,193,196],[2.7508701982851385,4.607168188650764,3.4440173788450834,0.6753425559264385,3.4440173788450834,3.5085558999826545,0.6792718340663283,3.8187108282864943,3.2721671219184243])",1.0
R055,"new, report, research, political, baby, capital, add., effect, seven","(200,[32,50,105,124,135,141,144,148,185],[2.7508701982851385,2.7826188965997183,0.6753425559264385,3.5085558999826545,2.997730276216664,3.172083663361442,2.324785802974238,3.2208738275308737,0.6792718340663283])",1.0
F190,"secret, cure, confirmed, sources, size, attorney., fund, different","(200,[23,38,83,92,102,147,188,192],[0.6714286566053024,3.914021008090819,3.3262343431887,2.345405090176974,4.270695952029551,2.324785802974238,0.6406569979385486,3.6516567436233283])",0.0
R004,"new, report, education, benefit, difficult, police, month, add, blue","(200,[53,76,87,105,112,130,141,168,185],[3.2721671219184243,2.057723017725193,3.3262343431887,0.6753425559264385,2.997730276216664,2.366458499374806,3.172083663361442,3.7316994512968646,0.6792718340663283])",1.0
F080,"celebrity, scandal, confirmed, sources, carry, month, beyond., shoulder","(200,[23,54,86,121,141,142,156,188],[0.6714286566053024,3.577548771469606,2.4789364828014966,2.6330871626287546,3.172083663361442,2.4324164671666035,3.4440173788450834,0.6406569979385486])",0.0
F049,"hoax, confirmed, sources, heavy, i.","(200,[23,149,164,177,188],[0.6714286566053024,4.137164559405029,3.4440173788450834,2.4789364828014966,0.6406569979385486])",0.0
F184,"secret, cure, confirmed, sources, success, reason, everybody, certain, reason","(200,[23,28,88,92,144,147,161,188],[0.6714286566053024,3.8187108282864943,3.3262343431887,2.345405090176974,4.649571605948476,2.324785802974238,5.523458920524919,0.6406569979385486])",0.0
F030,"secret, cure, confirmed, sources, popular, exactly, finish, interview, dinner","(200,[23,35,40,92,96,147,148,178,188],[0.6714286566053024,3.172083663361442,4.019381523748645,2.345405090176974,3.4440173788450834,2.324785802974238,3.2208738275308737,3.5085558999826545,0.6406569979385486])",0.0
R213,"new, report, budget, report, hold, computer, foreign., structure, exactly","(200,[22,96,105,151,185,189,191,196],[3.6516567436233283,3.4440173788450834,1.350685111852877,3.6516567436233283,0.6792718340663283,3.0811118851557153,2.324785802974238,3.2721671219184243])",1.0
F128,"immortal, jellyfish, confirmed, sources, several, speak, good, present, growth","(200,[23,27,66,76,120,130,132,168,188],[0.6714286566053024,3.914021008090819,2.38796470459577,2.057723017725193,2.455405985391302,2.366458499374806,2.4789364828014966,3.7316994512968646,0.6406569979385486])",0.0
R231,"new, report, policy, foreign, always, must, dream, might., institution","(200,[6,11,23,43,105,129,142,166,185],[2.997730276216664,3.3262343431887,0.6714286566053024,3.0385522707369192,0.6753425559264385,4.607168188650764,2.4324164671666035,3.383392757028649,0.6792718340663283])",1.0
R061,"new, report, technology, breakthrough, anything, physical, call., experts","(200,[20,44,49,81,105,106,114,185],[2.579019941358479,3.2721671219184243,3.5085558999826545,2.2276220545205905,0.6753425559264385,3.2721671219184243,3.6516567436233283,0.6792718340663283])",1.0
R137,"new, report, education, organization, maintain, sound, value, car, pick","(200,[3,47,74,105,130,164,166,172,185],[3.577548771469606,2.849310271098391,4.019381523748645,0.6753425559264385,2.366458499374806,3.4440173788450834,3.383392757028649,3.914021008090819,0.6792718340663283])",1.0
R185,"new, report, technology, breakthrough, represent, religious, decide., black, see","(200,[20,81,93,105,110,117,148,154,185],[2.579019941358479,2.2276220545205905,3.0385522707369192,0.6753425559264385,3.5085558999826545,3.914021008090819,3.2208738275308737,3.3262343431887,0.6792718340663283])",1.0
R204,"new, report, technology, breakthrough, get, prepare, report, town., score","(200,[20,26,78,81,86,105,127,185],[2.579019941358479,3.2208738275308737,3.8187108282864943,2.2276220545205905,2.4789364828014966,1.350685111852877,3.577548771469606,0.6792718340663283])",1.0
F217,"immortal, jellyfish, confirmed, sources, chance, wait, civil, teach, participant","(200,[23,66,76,77,122,146,188,193,196],[0.6714286566053024,2.38796470459577,2.057723017725193,3.914021008090819,3.914021008090819,3.0385522707369192,0.6406569979385486,3.8187108282864943,3.2721671219184243])",0.0
F176,"miracle, drug, confirmed, sources, measure, indicate, exactly, build, fire.","(200,[14,23,54,56,60,85,96,128,188],[2.997730276216664,0.6714286566053024,3.577548771469606,2.8844015909096608,2.8844015909096608,3.3262343431887,3.4440173788450834,2.7826188965997183,0.6406569979385486])",0.0
R245,"new, report, technology, breakthrough, network, young, sure., town, move","(200,[9,20,81,82,105,115,152,173,185],[3.577548771469606,2.579019941358479,2.2276220545205905,4.42484663185681,0.6753425559264385,3.3262343431887,3.7316994512968646,3.7316994512968646,0.6792718340663283])",1.0
R104,"new, report, election, life, particular, democratic, quickly, begin","(200,[6,77,105,113,132,184,185,191],[2.997730276216664,3.914021008090819,0.6753425559264385,3.5085558999826545,2.4789364828014966,2.5530444549552183,0.6792718340663283,2.324785802974238])",1.0
F156,"flat, earth, confirmed, sources, range, blue, positive, medical, course","(200,[1,23,52,68,76,118,165,168,188],[4.270695952029551,0.6714286566053024,3.4440173788450834,3.4440173788450834,2.057723017725193,2.958509563063383,4.607168188650764,3.7316994512968646,0.6406569979385486])",0.0
R194,"new, report, election, thing, politics, buy, include., represent","(200,[3,57,80,87,105,117,132,185],[3.577548771469606,3.383392757028649,4.019381523748645,3.3262343431887,0.6753425559264385,3.914021008090819,2.4789364828014966,0.6792718340663283])",1.0
R161,"new, report, technology, breakthrough, record, lay, say, medical","(200,[20,62,68,75,81,105,147,185],[2.579019941358479,3.7316994512968646,3.4440173788450834,3.4440173788450834,2.2276220545205905,0.6753425559264385,2.324785802974238,0.6792718340663283])",1.0
F113,"immortal, jellyfish, confirmed, sources, station, floor, benefit, member, draw.","(200,[15,23,53,66,76,119,159,188,190],[3.3262343431887,0.6714286566053024,3.2721671219184243,2.38796470459577,2.057723017725193,3.2208738275308737,3.5085558999826545,0.6406569979385486,3.3262343431887])",0.0
F150,"hoax, confirmed, sources, build, interesting, set, take, huge, energy","(200,[14,23,34,55,107,142,177,188,198],[2.997730276216664,0.6714286566053024,3.2208738275308737,3.2721671219184243,3.6516567436233283,2.4324164671666035,2.4789364828014966,0.6406569979385486,4.019381523748645])",0.0
F047,"miracle, drug, confirmed, sources, activity, professional, get, long., experience","(200,[23,26,35,56,60,73,110,155,188],[0.6714286566053024,3.2208738275308737,3.172083663361442,2.8844015909096608,2.8844015909096608,3.5085558999826545,3.5085558999826545,4.019381523748645,0.6406569979385486])",0.0
F008,"hoax, confirmed, sources, commercial, current, least, news, consumer.","(200,[23,33,34,43,94,177,188,189],[0.6714286566053024,3.2208738275308737,3.2208738275308737,3.0385522707369192,3.577548771469606,2.4789364828014966,0.6406569979385486,3.0811118851557153])",0.0
F229,"aliens, confirmed, sources, age, culture, although, out.","(200,[23,45,50,178,179,188,191],[0.6714286566053024,3.8187108282864943,2.7826188965997183,3.5085558999826545,3.5085558999826545,0.6406569979385486,2.324785802974238])",0.0
R001,"new, report, research, key, light, five, move","(200,[32,82,105,120,131,174,185],[2.7508701982851385,4.42484663185681,0.6753425559264385,2.455405985391302,3.2721671219184243,3.577548771469606,0.6792718340663283])",1.0
R241,"new, report, public, health, use, guy, try., order, want","(200,[5,26,94,105,112,133,160,170,185],[2.920769235080536,3.2208738275308737,3.577548771469606,0.6753425559264385,2.997730276216664,3.125563647726549,3.6516567436233283,2.849310271098391,0.6792718340663283])",1.0
R198,"new, report, climate, change, gas, move, entire, nice., bill","(200,[7,21,24,82,105,135,180,185,187],[3.7316994512968646,2.5277266469709287,4.137164559405029,4.42484663185681,0.6753425559264385,2.997730276216664,4.42484663185681,0.6792718340663283,2.579019941358479])",1.0
R229,"new, report, research, kid, race, strong, many, enjoy, cause","(200,[5,32,54,105,116,123,155,185,188],[2.920769235080536,2.7508701982851385,3.577548771469606,0.6753425559264385,3.8187108282864943,3.4440173788450834,4.019381523748645,0.6792718340663283,0.6406569979385486])",1.0
R205,"new, report, public, health, player, become, piece, impact., affect","(200,[4,5,55,90,105,124,133,170,185],[3.3262343431887,2.920769235080536,3.2721671219184243,3.577548771469606,0.6753425559264385,3.5085558999826545,3.125563647726549,2.849310271098391,0.6792718340663283])",1.0
F123,"celebrity, scandal, confirmed, sources, difficult, future, project, cost.","(200,[23,30,86,88,112,121,143,188],[0.6714286566053024,3.5085558999826545,2.4789364828014966,3.3262343431887,2.997730276216664,2.6330871626287546,2.849310271098391,0.6406569979385486])",0.0
F043,"celebrity, scandal, confirmed, sources, education, require, cause, sure, floor","(200,[21,23,49,86,116,119,121,130,188],[2.5277266469709287,0.6714286566053024,3.5085558999826545,2.4789364828014966,3.8187108282864943,3.2208738275308737,2.6330871626287546,2.366458499374806,0.6406569979385486])",0.0
F097,"celebrity, scandal, confirmed, sources, agent, recognize, floor, paper.","(200,[16,23,86,119,121,166,171,188],[3.2721671219184243,0.6714286566053024,2.4789364828014966,3.2208738275308737,2.6330871626287546,3.383392757028649,3.914021008090819,0.6406569979385486])",0.0
R014,"new, report, research, vote, pm, able, member, cut.","(200,[14,26,32,96,98,105,185,190],[2.997730276216664,3.2208738275308737,2.7508701982851385,3.4440173788450834,3.6516567436233283,0.6753425559264385,0.6792718340663283,3.3262343431887])",1.0
F005,"flat, earth, confirmed, sources, left, fact, free, set, news.","(200,[15,23,62,73,76,118,142,188,195],[3.3262343431887,0.6714286566053024,3.7316994512968646,3.5085558999826545,2.057723017725193,2.958509563063383,2.4324164671666035,0.6406569979385486,4.42484663185681])",0.0
R234,"new, report, research, compare, religious, purpose, set, task, cup.","(200,[32,46,51,89,93,100,105,142,185],[2.7508701982851385,3.914021008090819,3.914021008090819,3.914021008090819,3.0385522707369192,3.914021008090819,0.6753425559264385,2.4324164671666035,0.6792718340663283])",1.0
F143,"aliens, confirmed, sources, become, understand, growth, role, city., consider","(200,[6,23,50,87,90,112,120,150,188],[2.997730276216664,0.6714286566053024,2.7826188965997183,3.3262343431887,3.577548771469606,2.997730276216664,2.455405985391302,3.0811118851557153,0.6406569979385486])",0.0
R073,"new, report, economic, growth, market, represent, ready, bank., today","(200,[6,15,57,105,117,120,144,157,185],[2.997730276216664,3.3262343431887,3.383392757028649,0.6753425559264385,3.914021008090819,2.455405985391302,2.324785802974238,3.2721671219184243,0.6792718340663283])",1.0
R239,"new, report, education, adult, admit, though, father, him., since","(200,[0,72,87,105,114,130,151,185],[4.019381523748645,4.830311739964974,3.3262343431887,0.6753425559264385,3.6516567436233283,2.366458499374806,3.6516567436233283,1.3585436681326566])",1.0
F181,"aliens, confirmed, sources, ago, write, hope, information, quality, statement.","(200,[0,23,45,50,96,106,148,188,190],[4.019381523748645,0.6714286566053024,3.8187108282864943,2.7826188965997183,3.4440173788450834,3.2721671219184243,3.2208738275308737,0.6406569979385486,3.3262343431887])",0.0
R138,"new, report, election, father, protect, lot, condition, forward","(200,[0,11,35,105,128,132,143,185],[4.019381523748645,3.3262343431887,3.172083663361442,0.6753425559264385,2.7826188965997183,2.4789364828014966,2.849310271098391,0.6792718340663283])",1.0
R172,"new, report, economic, growth, animal, machine, senior, team, get","(200,[26,40,68,105,120,144,160,185],[3.2208738275308737,4.019381523748645,3.4440173788450834,0.6753425559264385,2.455405985391302,4.649571605948476,3.6516567436233283,0.6792718340663283])",1.0
R143,"new, report, policy, discussion, early, air, water, international","(200,[88,92,105,115,142,185,188,189],[3.3262343431887,2.345405090176974,0.6753425559264385,3.3262343431887,2.4324164671666035,0.6792718340663283,0.6406569979385486,3.0811118851557153])",1.0
F166,"mind, control, confirmed, sources, billion, matter, mouth, reduce","(200,[2,8,23,58,97,159,184,188],[4.137164559405029,2.5277266469709287,0.6714286566053024,3.914021008090819,3.172083663361442,3.5085558999826545,2.5530444549552183,0.6406569979385486])",0.0
R003,"new, report, budget, report, matter, way, data, question, sure","(200,[2,21,95,105,147,185,191],[4.137164559405029,2.5277266469709287,3.5085558999826545,1.350685111852877,2.324785802974238,0.6792718340663283,4.649571605948476])",1.0
R167,"new, report, climate, change, type, finally, television, top, support.","(200,[17,21,59,105,113,126,128,185,187],[3.172083663361442,2.5277266469709287,2.6902455764687034,0.6753425559264385,3.5085558999826545,3.914021008090819,2.7826188965997183,0.6792718340663283,2.579019941358479])",1.0
R183,"new, report, climate, change, page, floor, help, recent, sister","(200,[21,27,105,119,121,147,185,187,191],[2.5277266469709287,3.914021008090819,0.6753425559264385,3.2208738275308737,2.6330871626287546,2.324785802974238,0.6792718340663283,2.579019941358479,2.324785802974238])",1.0
R238,"new, report, technology, breakthrough, center, government, message, sport., different","(200,[20,59,80,81,83,105,111,115,185],[2.579019941358479,2.6902455764687034,4.019381523748645,2.2276220545205905,3.3262343431887,0.6753425559264385,4.270695952029551,3.3262343431887,0.6792718340663283])",1.0
R041,"new, report, election, discuss, poor, imagine, turn","(200,[14,86,101,103,105,132,185],[2.997730276216664,2.4789364828014966,3.6516567436233283,4.607168188650764,0.6753425559264385,2.4789364828014966,0.6792718340663283])",1.0
F237,"government, cover-up, confirmed, sources, product, tree, generation, surface, arrive.","(200,[13,23,42,47,59,71,81,163,188],[2.4789364828014966,0.6714286566053024,3.577548771469606,2.849310271098391,2.6902455764687034,3.5085558999826545,2.2276220545205905,3.914021008090819,0.6406569979385486])",0.0
R086,"new, report, research, bit, resource, matter, himself., agent, according","(200,[2,16,32,70,105,164,185,189,192],[4.137164559405029,3.2721671219184243,2.7508701982851385,3.7316994512968646,0.6753425559264385,3.4440173788450834,0.6792718340663283,3.0811118851557153,3.6516567436233283])",1.0
R240,"new, report, policy, probably, use, start, partner., behind","(200,[97,105,133,142,146,185,190,196],[3.172083663361442,0.6753425559264385,3.125563647726549,2.4324164671666035,3.0385522707369192,0.6792718340663283,3.3262343431887,3.2721671219184243])",1.0
R133,"new, report, public, health, former, high, former, already.","(200,[5,105,116,160,170,181,185],[2.920769235080536,0.6753425559264385,3.8187108282864943,7.3033134872466565,2.849310271098391,4.607168188650764,0.6792718340663283])",1.0
F044,"hoax, confirmed, sources, increase, much, imagine, line, onto, someone","(200,[23,71,101,119,124,163,177,182,188],[0.6714286566053024,3.5085558999826545,3.6516567436233283,3.2208738275308737,3.5085558999826545,3.914021008090819,2.4789364828014966,3.577548771469606,0.6406569979385486])",0.0
F125,"government, cover-up, confirmed, sources, party, technology, offer, city, team","(200,[13,20,23,59,68,95,158,179,188],[2.4789364828014966,2.579019941358479,0.6714286566053024,2.6902455764687034,3.4440173788450834,3.5085558999826545,3.125563647726549,3.5085558999826545,0.6406569979385486])",0.0
F165,"secret, cure, confirmed, sources, either, southern, site., practice, reality","(200,[23,48,80,92,126,143,147,188],[0.6714286566053024,3.8187108282864943,8.03876304749729,2.345405090176974,3.914021008090819,2.849310271098391,2.324785802974238,0.6406569979385486])",0.0
F137,"flat, earth, confirmed, sources, power, entire, report, response, loss","(200,[23,24,45,56,76,105,118,129,188],[0.6714286566053024,4.137164559405029,3.8187108282864943,2.8844015909096608,2.057723017725193,0.6753425559264385,2.958509563063383,4.607168188650764,0.6406569979385486])",0.0
R088,"new, report, research, heavy, environmental, anything., face, south, although.","(200,[16,27,32,34,52,105,149,151,185],[3.2721671219184243,3.914021008090819,2.7508701982851385,3.2208738275308737,3.4440173788450834,0.6753425559264385,4.137164559405029,3.6516567436233283,0.6792718340663283])",1.0
R169,"new, report, technology, breakthrough, time, positive, develop, world., believe","(200,[1,20,41,81,87,105,133,157,185],[4.270695952029551,2.579019941358479,3.383392757028649,2.2276220545205905,3.3262343431887,0.6753425559264385,3.125563647726549,3.2721671219184243,0.6792718340663283])",1.0
R193,"new, report, technology, breakthrough, another, plan, nice","(200,[20,81,105,123,166,170,185],[2.579019941358479,2.2276220545205905,0.6753425559264385,3.4440173788450834,3.383392757028649,2.849310271098391,0.6792718340663283])",1.0
F247,"mind, control, confirmed, sources, discuss, argue, media, drive, prevent","(200,[8,9,14,23,52,125,130,184,188],[2.5277266469709287,3.577548771469606,2.997730276216664,0.6714286566053024,3.4440173788450834,2.7826188965997183,2.366458499374806,2.5530444549552183,0.6406569979385486])",0.0
R179,"new, report, technology, breakthrough, explain, back, beyond, before., need","(200,[20,30,81,96,100,105,137,141,185],[2.579019941358479,3.5085558999826545,2.2276220545205905,3.4440173788450834,3.914021008090819,0.6753425559264385,3.7316994512968646,3.172083663361442,0.6792718340663283])",1.0
F138,"immortal, jellyfish, confirmed, sources, fear, guess, natural, mind, able","(200,[23,60,66,76,96,113,184,188],[0.6714286566053024,2.8844015909096608,2.38796470459577,2.057723017725193,3.4440173788450834,3.5085558999826545,2.5530444549552183,1.2813139958770972])",0.0
R017,"new, report, policy, style, culture, plan, painting, yes, believe","(200,[0,34,44,45,105,123,133,142,185],[4.019381523748645,3.2208738275308737,3.2721671219184243,3.8187108282864943,0.6753425559264385,3.4440173788450834,3.125563647726549,2.4324164671666035,0.6792718340663283])",1.0
F090,"mind, control, confirmed, sources, purpose, become, return, organization, letter.","(200,[8,23,35,89,90,100,164,184,188],[2.5277266469709287,0.6714286566053024,3.172083663361442,3.914021008090819,3.577548771469606,3.914021008090819,3.4440173788450834,2.5530444549552183,0.6406569979385486])",0.0
F222,"mind, control, confirmed, sources, fund, know, great, area.","(200,[8,23,38,105,150,179,184,188],[2.5277266469709287,0.6714286566053024,3.914021008090819,0.6753425559264385,3.0811118851557153,3.5085558999826545,2.5530444549552183,0.6406569979385486])",0.0
R114,"new, report, climate, change, vote, firm, ahead, determine","(200,[14,21,68,94,105,134,185,187],[2.997730276216664,2.5277266469709287,3.4440173788450834,3.577548771469606,0.6753425559264385,3.914021008090819,0.6792718340663283,2.579019941358479])",1.0
F235,"celebrity, scandal, confirmed, sources, well, yes, large, risk, truth","(200,[22,23,44,69,86,121,157,188,194],[3.6516567436233283,0.6714286566053024,3.2721671219184243,3.914021008090819,2.4789364828014966,2.6330871626287546,3.2721671219184243,0.6406569979385486,3.914021008090819])",0.0
F185,"hoax, confirmed, sources, upon, economic, common, memory, minute.","(200,[23,132,135,141,144,175,177,188],[0.6714286566053024,2.4789364828014966,2.997730276216664,3.172083663361442,2.324785802974238,4.270695952029551,2.4789364828014966,0.6406569979385486])",0.0
F221,"flat, earth, confirmed, sources, day, fast, east, discussion, business","(200,[23,63,76,115,118,133,174,176,188],[0.6714286566053024,4.019381523748645,2.057723017725193,3.3262343431887,2.958509563063383,3.125563647726549,3.577548771469606,3.6516567436233283,0.6406569979385486])",0.0
F054,"secret, cure, confirmed, sources, thought, want, customer, tough, interesting","(200,[13,23,34,47,55,92,112,147,188],[2.4789364828014966,0.6714286566053024,3.2208738275308737,2.849310271098391,3.2721671219184243,2.345405090176974,2.997730276216664,2.324785802974238,0.6406569979385486])",0.0
R000,"new, report, public, health, treat, dinner, enter, including, describe","(200,[5,35,40,85,105,134,150,170,185],[2.920769235080536,3.172083663361442,4.019381523748645,3.3262343431887,0.6753425559264385,3.914021008090819,3.0811118851557153,2.849310271098391,0.6792718340663283])",1.0
R178,"new, report, budget, report, big, pick, region, week, box.","(200,[48,105,122,159,172,174,185,191],[3.8187108282864943,1.350685111852877,3.914021008090819,3.5085558999826545,3.914021008090819,3.577548771469606,0.6792718340663283,2.324785802974238])",1.0
F006,"hoax, confirmed, sources, action, receive, brother, grow, fire, determine","(200,[4,17,23,33,91,134,177,188,191],[3.3262343431887,3.172083663361442,0.6714286566053024,3.2208738275308737,3.7316994512968646,3.914021008090819,2.4789364828014966,0.6406569979385486,2.324785802974238])",0.0
F174,"secret, cure, confirmed, sources, success, local, mind, stage.","(200,[23,28,43,92,147,184,188],[0.6714286566053024,7.637421656572989,3.0385522707369192,2.345405090176974,2.324785802974238,2.5530444549552183,0.6406569979385486])",0.0
R009,"new, report, election, network, receive, someone., experts, discuss","(200,[9,14,17,105,106,132,152,185],[3.577548771469606,2.997730276216664,3.172083663361442,0.6753425559264385,3.2721671219184243,2.4789364828014966,3.7316994512968646,0.6792718340663283])",1.0
R122,"new, report, economic, growth, much, simply, sea, three","(200,[17,42,105,120,124,125,144,185],[3.172083663361442,3.577548771469606,0.6753425559264385,2.455405985391302,3.5085558999826545,2.7826188965997183,2.324785802974238,0.6792718340663283])",1.0
F189,"immortal, jellyfish, confirmed, sources, ask, maybe, discuss, challenge, minute","(200,[14,18,23,66,76,107,135,157,188],[2.997730276216664,4.830311739964974,0.6714286566053024,2.38796470459577,2.057723017725193,3.6516567436233283,2.997730276216664,3.2721671219184243,0.6406569979385486])",0.0
R146,"new, report, technology, breakthrough, speak, teacher, behind, must","(200,[20,23,81,105,108,132,146,185],[2.579019941358479,0.6714286566053024,2.2276220545205905,0.6753425559264385,4.137164559405029,2.4789364828014966,3.0385522707369192,0.6792718340663283])",1.0
R022,"new, report, climate, change, manager, land, easy, apply., speak","(200,[21,52,105,132,148,160,185,187,192],[2.5277266469709287,3.4440173788450834,0.6753425559264385,2.4789364828014966,3.2208738275308737,3.6516567436233283,0.6792718340663283,2.579019941358479,3.6516567436233283])",1.0
F177,"aliens, confirmed, sources, save, fact., brother, pass, beyond","(200,[23,50,91,100,120,188,192],[0.6714286566053024,2.7826188965997183,3.7316994512968646,3.914021008090819,2.455405985391302,0.6406569979385486,7.3033134872466565])",0.0
F021,"secret, cure, confirmed, sources, report, young, article, expect., industry","(200,[9,10,19,23,92,102,105,147,188],[3.577548771469606,4.830311739964974,3.5085558999826545,0.6714286566053024,2.345405090176974,4.270695952029551,0.6753425559264385,2.324785802974238,0.6406569979385486])",0.0
R039,"new, report, economic, growth, doctor, structure, give, weight, less","(200,[4,105,120,144,177,183,185,195,196],[3.3262343431887,0.6753425559264385,2.455405985391302,2.324785802974238,2.4789364828014966,4.137164559405029,0.6792718340663283,4.42484663185681,3.2721671219184243])",1.0
F061,"miracle, drug, confirmed, sources, bill, wife, federal, claim.","(200,[21,23,33,56,60,76,135,188],[2.5277266469709287,0.6714286566053024,3.2208738275308737,2.8844015909096608,2.8844015909096608,2.057723017725193,2.997730276216664,0.6406569979385486])",0.0
R057,"new, report, technology, breakthrough, wrong, describe, bed, report","(200,[20,81,85,97,105,112,185],[2.579019941358479,2.2276220545205905,3.3262343431887,3.172083663361442,1.350685111852877,2.997730276216664,0.6792718340663283])",1.0
F154,"immortal, jellyfish, confirmed, sources, finish, feel, wall, beyond, despite","(200,[4,23,66,76,100,101,115,178,188],[3.3262343431887,0.6714286566053024,2.38796470459577,2.057723017725193,3.914021008090819,3.6516567436233283,3.3262343431887,3.5085558999826545,0.6406569979385486])",0.0
F052,"mind, control, confirmed, sources, agreement, key, political., find","(200,[3,8,13,23,110,131,184,188],[3.577548771469606,2.5277266469709287,2.4789364828014966,0.6714286566053024,3.5085558999826545,3.2721671219184243,2.5530444549552183,0.6406569979385486])",0.0
F124,"flat, earth, confirmed, sources, water, board, time, start","(200,[23,54,76,118,157,188,189,196],[0.6714286566053024,3.577548771469606,2.057723017725193,2.958509563063383,3.2721671219184243,0.6406569979385486,3.0811118851557153,3.2721671219184243])",0.0
R071,"new, report, budget, report, performance, statement, husband, serve","(200,[8,17,105,125,151,185,191],[2.5277266469709287,3.172083663361442,1.350685111852877,2.7826188965997183,3.6516567436233283,0.6792718340663283,2.324785802974238])",1.0
R152,"new, report, budget, report, evidence, police, network, little, great","(200,[54,76,105,150,152,185,190,191],[3.577548771469606,2.057723017725193,1.350685111852877,3.0811118851557153,3.7316994512968646,0.6792718340663283,3.3262343431887,2.324785802974238])",1.0
F038,"mind, control, confirmed, sources, look, song, position, be., answer","(200,[8,19,23,139,150,162,184,188],[2.5277266469709287,3.5085558999826545,0.6714286566053024,7.3033134872466565,3.0811118851557153,4.42484663185681,2.5530444549552183,0.6406569979385486])",0.0
F101,"immortal, jellyfish, confirmed, sources, west, lay, wonder, usually., according","(200,[23,52,66,75,76,85,123,164,188],[0.6714286566053024,3.4440173788450834,2.38796470459577,3.4440173788450834,2.057723017725193,3.3262343431887,3.4440173788450834,3.4440173788450834,0.6406569979385486])",0.0
F203,"celebrity, scandal, confirmed, sources, market, around, back, million, attention","(200,[23,30,51,57,86,121,144,188,197],[0.6714286566053024,3.5085558999826545,3.914021008090819,3.383392757028649,2.4789364828014966,2.6330871626287546,2.324785802974238,0.6406569979385486,4.137164559405029])",0.0
F192,"government, cover-up, confirmed, sources, development, suggest, government","(200,[13,16,23,59,71,188],[2.4789364828014966,3.2721671219184243,0.6714286566053024,5.380491152937407,3.5085558999826545,0.6406569979385486])",0.0
R189,"new, report, climate, change, team, occur, much, far, claim","(200,[21,68,105,121,124,137,158,185,187],[2.5277266469709287,3.4440173788450834,0.6753425559264385,2.6330871626287546,3.5085558999826545,3.7316994512968646,3.125563647726549,0.6792718340663283,2.579019941358479])",1.0
R098,"new, report, election, region, hold, current, authority, realize.","(200,[105,110,132,159,176,185,189],[0.6753425559264385,3.5085558999826545,2.4789364828014966,3.5085558999826545,3.6516567436233283,0.6792718340663283,6.162223770311431])",1.0
R149,"new, report, economic, growth, fast, central, side, exactly.","(200,[63,105,120,128,144,160,181,185],[4.019381523748645,0.6753425559264385,2.455405985391302,2.7826188965997183,2.324785802974238,3.6516567436233283,4.607168188650764,0.6792718340663283])",1.0
R046,"new, report, education, attack, stand, national, position, third, life","(200,[77,86,93,105,110,130,139,171,185],[3.914021008090819,2.4789364828014966,3.0385522707369192,0.6753425559264385,3.5085558999826545,2.366458499374806,3.6516567436233283,3.914021008090819,0.6792718340663283])",1.0
F055,"hoax, confirmed, sources, amount, threat, city, task., foreign","(200,[6,22,23,34,70,95,177,188],[2.997730276216664,3.6516567436233283,0.6714286566053024,3.2208738275308737,3.7316994512968646,3.5085558999826545,2.4789364828014966,0.6406569979385486])",0.0
F159,"flat, earth, confirmed, sources, take, project, fire, apply, movement","(200,[23,30,55,76,94,112,118,188,191],[0.6714286566053024,3.5085558999826545,3.2721671219184243,2.057723017725193,3.577548771469606,2.997730276216664,2.958509563063383,0.6406569979385486,2.324785802974238])",0.0
F083,"secret, cure, confirmed, sources, tonight, human, system, guess., north","(200,[23,55,92,103,147,178,188,189,196],[0.6714286566053024,3.2721671219184243,2.345405090176974,4.607168188650764,2.324785802974238,3.5085558999826545,0.6406569979385486,3.0811118851557153,3.2721671219184243])",0.0
R109,"new, report, education, class, ready, parent, question., audience, ground","(200,[7,79,87,105,112,130,132,157,185],[3.7316994512968646,4.137164559405029,3.3262343431887,0.6753425559264385,2.997730276216664,2.366458499374806,2.4789364828014966,3.2721671219184243,0.6792718340663283])",1.0
R102,"new, report, climate, change, early, begin, process, quickly.","(200,[18,21,40,92,105,113,185,187],[4.830311739964974,2.5277266469709287,4.019381523748645,2.345405090176974,0.6753425559264385,3.5085558999826545,0.6792718340663283,2.579019941358479])",1.0
R060,"new, report, election, political, none, describe, indeed., low","(200,[11,31,85,105,132,135,185,196],[3.3262343431887,4.830311739964974,3.3262343431887,0.6753425559264385,2.4789364828014966,2.997730276216664,0.6792718340663283,3.2721671219184243])",1.0
F085,"secret, cure, confirmed, sources, cut, believe, firm, blood","(200,[6,23,92,94,133,147,159,188],[2.997730276216664,0.6714286566053024,2.345405090176974,3.577548771469606,3.125563647726549,2.324785802974238,3.5085558999826545,0.6406569979385486])",0.0
F188,"hoax, confirmed, sources, white, exist, walk, hot, read., dark","(200,[2,23,43,59,93,97,142,177,188],[4.137164559405029,0.6714286566053024,3.0385522707369192,2.6902455764687034,3.0385522707369192,3.172083663361442,2.4324164671666035,2.4789364828014966,0.6406569979385486])",0.0
F131,"hoax, confirmed, sources, north, save, skill, attack, change, republican.","(200,[23,93,120,166,168,177,178,187,188],[0.6714286566053024,3.0385522707369192,2.455405985391302,3.383392757028649,3.7316994512968646,2.4789364828014966,3.5085558999826545,2.579019941358479,0.6406569979385486])",0.0
R202,"new, report, public, health, capital, want, bad, force, important.","(200,[5,65,105,112,141,156,170,185,191],[2.920769235080536,4.42484663185681,0.6753425559264385,2.997730276216664,3.172083663361442,3.4440173788450834,2.849310271098391,0.6792718340663283,2.324785802974238])",1.0
F111,"celebrity, scandal, confirmed, sources, add, eye, member, eat, wide","(200,[23,36,76,86,87,121,141,188,190],[0.6714286566053024,4.607168188650764,2.057723017725193,2.4789364828014966,3.3262343431887,2.6330871626287546,3.172083663361442,0.6406569979385486,3.3262343431887])",0.0
R151,"new, report, policy, pay, appear, movement, serve, mouth.","(200,[83,94,97,105,125,142,182,185],[3.3262343431887,3.577548771469606,3.172083663361442,0.6753425559264385,2.7826188965997183,2.4324164671666035,3.577548771469606,0.6792718340663283])",1.0
F058,"government, cover-up, confirmed, sources, sense, baby, trade, suggest., little","(200,[13,19,23,47,59,78,148,188,190],[2.4789364828014966,3.5085558999826545,0.6714286566053024,2.849310271098391,2.6902455764687034,3.8187108282864943,3.2208738275308737,0.6406569979385486,3.3262343431887])",0.0
R164,"new, report, education, rule, especially, consider, place, tree, discussion","(200,[71,105,112,115,130,143,173,185,190],[3.5085558999826545,0.6753425559264385,2.997730276216664,3.3262343431887,2.366458499374806,2.849310271098391,3.7316994512968646,0.6792718340663283,3.3262343431887])",1.0
F242,"celebrity, scandal, confirmed, sources, heavy, song, ahead, cover, investment","(200,[23,68,86,104,121,149,150,162,188],[0.6714286566053024,3.4440173788450834,2.4789364828014966,4.270695952029551,2.6330871626287546,4.137164559405029,3.0811118851557153,4.42484663185681,0.6406569979385486])",0.0
F064,"mind, control, confirmed, sources, contain, admit, boy., record","(200,[8,23,46,93,114,147,184,188],[2.5277266469709287,0.6714286566053024,3.914021008090819,3.0385522707369192,3.6516567436233283,2.324785802974238,2.5530444549552183,0.6406569979385486])",0.0
R228,"new, report, education, strong, easy, movement., run, tough","(200,[47,66,105,130,155,160,185,195],[2.849310271098391,2.38796470459577,0.6753425559264385,2.366458499374806,4.019381523748645,3.6516567436233283,0.6792718340663283,4.42484663185681])",1.0
R210,"new, report, economic, growth, yeah, person, business, sense, people.","(200,[47,49,105,120,144,166,174,185],[2.849310271098391,7.017111799965309,0.6753425559264385,2.455405985391302,2.324785802974238,3.383392757028649,3.577548771469606,0.6792718340663283])",1.0
R156,"new, report, policy, back, half., energy, standard","(200,[30,62,105,107,142,167,185],[3.5085558999826545,3.7316994512968646,0.6753425559264385,3.6516567436233283,2.4324164671666035,3.914021008090819,0.6792718340663283])",1.0
R192,"new, report, climate, change, despite, discuss, girl, without, month","(200,[14,21,29,43,101,105,141,185,187],[2.997730276216664,2.5277266469709287,3.8187108282864943,3.0385522707369192,3.6516567436233283,0.6753425559264385,3.172083663361442,0.6792718340663283,2.579019941358479])",1.0
F102,"government, cover-up, confirmed, sources, give, old, true, everything, on.","(200,[11,13,23,59,83,156,183,188],[3.3262343431887,2.4789364828014966,0.6714286566053024,2.6902455764687034,3.3262343431887,3.4440173788450834,4.137164559405029,1.2813139958770972])",0.0
R237,"new, report, election, per, parent, tonight, already, deal, one.","(200,[33,66,98,105,132,185,189,194],[3.2208738275308737,2.38796470459577,3.6516567436233283,0.6753425559264385,4.957872965602993,0.6792718340663283,3.0811118851557153,3.914021008090819])",1.0
F015,"immortal, jellyfish, confirmed, sources, consumer, national, word, design, company","(200,[23,66,75,76,110,119,122,142,188],[0.6714286566053024,2.38796470459577,3.4440173788450834,2.057723017725193,3.5085558999826545,3.2208738275308737,3.914021008090819,2.4324164671666035,0.6406569979385486])",0.0
F020,"celebrity, scandal, confirmed, sources, hope, marriage, pm, little, light","(200,[0,23,26,29,86,120,121,188,190],[4.019381523748645,0.6714286566053024,3.2208738275308737,3.8187108282864943,2.4789364828014966,2.455405985391302,2.6330871626287546,0.6406569979385486,3.3262343431887])",0.0
R083,"new, report, election, represent, white, bit, ground","(200,[43,87,105,117,132,185,189],[3.0385522707369192,3.3262343431887,0.6753425559264385,3.914021008090819,2.4789364828014966,0.6792718340663283,3.0811118851557153])",1.0
F035,"hoax, confirmed, sources, short, along., least","(200,[23,34,62,166,177,188],[0.6714286566053024,3.2208738275308737,3.7316994512968646,3.383392757028649,2.4789364828014966,0.6406569979385486])",0.0
R082,"new, report, budget, report, important, shake, resource","(200,[70,105,167,180,185,191],[3.7316994512968646,1.350685111852877,3.914021008090819,4.42484663185681,0.6792718340663283,2.324785802974238])",1.0
F114,"mind, control, confirmed, sources, size, magazine, idea., use","(200,[8,13,23,133,175,184,188,192],[2.5277266469709287,2.4789364828014966,0.6714286566053024,3.125563647726549,4.270695952029551,2.5530444549552183,0.6406569979385486,3.6516567436233283])",0.0
F179,"secret, cure, confirmed, sources, phone, left, story, produce, play.","(200,[23,26,48,55,62,92,117,147,188],[0.6714286566053024,3.2208738275308737,3.8187108282864943,3.2721671219184243,3.7316994512968646,2.345405090176974,3.914021008090819,2.324785802974238,0.6406569979385486])",0.0
F026,"celebrity, scandal, confirmed, sources, politics, war, staff, hotel.","(200,[23,24,86,87,119,121,169,188],[0.6714286566053024,4.137164559405029,2.4789364828014966,3.3262343431887,3.2208738275308737,2.6330871626287546,4.607168188650764,0.6406569979385486])",0.0
R217,"new, report, election, unit, better, development, paper, right., interest","(200,[60,70,71,90,105,132,135,143,185],[2.8844015909096608,3.7316994512968646,3.5085558999826545,3.577548771469606,0.6753425559264385,2.4789364828014966,2.997730276216664,2.849310271098391,0.6792718340663283])",1.0
F009,"celebrity, scandal, confirmed, sources, huge, indicate, peace, stage, fly","(200,[23,30,85,86,97,121,144,188,198],[0.6714286566053024,3.5085558999826545,3.3262343431887,2.4789364828014966,3.172083663361442,2.6330871626287546,2.324785802974238,0.6406569979385486,4.019381523748645])",0.0
F240,"aliens, confirmed, sources, simply, land, tv, remember, live","(200,[23,42,50,85,93,147,148,188],[0.6714286566053024,3.577548771469606,2.7826188965997183,3.3262343431887,3.0385522707369192,2.324785802974238,3.2208738275308737,0.6406569979385486])",0.0
R216,"new, report, research, clearly, past, care, behavior, quickly, around","(200,[32,38,75,105,110,135,185,191,197],[2.7508701982851385,3.914021008090819,3.4440173788450834,0.6753425559264385,3.5085558999826545,2.997730276216664,0.6792718340663283,2.324785802974238,4.137164559405029])",1.0
F129,"flat, earth, confirmed, sources, total, various., learn, really","(200,[23,76,79,112,118,167,184,188],[0.6714286566053024,2.057723017725193,4.137164559405029,2.997730276216664,2.958509563063383,3.914021008090819,2.5530444549552183,0.6406569979385486])",0.0
R197,"new, report, education, arrive, consumer, gun, system., research, option","(200,[13,32,75,105,113,130,158,185,191],[2.4789364828014966,2.7508701982851385,3.4440173788450834,0.6753425559264385,3.5085558999826545,2.366458499374806,3.125563647726549,0.6792718340663283,2.324785802974238])",1.0
F142,"government, cover-up, confirmed, sources, never, floor, test, production., important","(200,[13,23,40,59,81,119,167,186,188],[2.4789364828014966,0.6714286566053024,4.019381523748645,2.6902455764687034,2.2276220545205905,3.2208738275308737,3.914021008090819,4.42484663185681,0.6406569979385486])",0.0
R140,"new, report, climate, change, together, consider, cover, industry, writer.","(200,[10,21,57,104,105,112,185,187],[4.830311739964974,2.5277266469709287,3.383392757028649,4.270695952029551,0.6753425559264385,5.995460552433328,0.6792718340663283,2.579019941358479])",1.0
R165,"new, report, budget, report, statement, exactly, point., experts, discuss","(200,[14,17,54,96,105,106,185,191],[2.997730276216664,3.172083663361442,3.577548771469606,3.4440173788450834,1.350685111852877,3.2721671219184243,0.6792718340663283,2.324785802974238])",1.0
R139,"new, report, education, current, third, learn, hot., experts","(200,[98,105,106,130,167,171,185,189],[3.6516567436233283,0.6753425559264385,3.2721671219184243,2.366458499374806,3.914021008090819,3.914021008090819,0.6792718340663283,3.0811118851557153])",1.0
F232,"hoax, confirmed, sources, material, land, knowledge, play, life","(200,[23,31,64,77,148,173,177,188],[0.6714286566053024,4.830311739964974,4.270695952029551,3.914021008090819,3.2208738275308737,3.7316994512968646,2.4789364828014966,0.6406569979385486])",0.0
F108,"celebrity, scandal, confirmed, sources, suggest, hot, everyone.","(200,[16,23,86,93,121,163,188],[3.2721671219184243,0.6714286566053024,2.4789364828014966,3.0385522707369192,2.6330871626287546,3.914021008090819,0.6406569979385486])",0.0
F167,"celebrity, scandal, confirmed, sources, even, body, mr, man","(200,[6,23,41,47,86,121,169,188],[2.997730276216664,0.6714286566053024,3.383392757028649,2.849310271098391,2.4789364828014966,2.6330871626287546,4.607168188650764,0.6406569979385486])",0.0
R242,"new, report, research, home, pattern, base., particular, worker","(200,[17,32,38,76,105,165,184,185],[3.172083663361442,2.7508701982851385,3.914021008090819,2.057723017725193,0.6753425559264385,4.607168188650764,2.5530444549552183,0.6792718340663283])",1.0
F133,"immortal, jellyfish, confirmed, sources, choice, month, degree, rise","(200,[16,23,53,66,76,141,143,188],[3.2721671219184243,0.6714286566053024,3.2721671219184243,2.38796470459577,2.057723017725193,3.172083663361442,2.849310271098391,0.6406569979385486])",0.0
F025,"flat, earth, confirmed, sources, others, civil, door, nearly","(200,[23,47,66,76,118,140,188,193],[0.6714286566053024,2.849310271098391,2.38796470459577,2.057723017725193,2.958509563063383,4.019381523748645,0.6406569979385486,3.8187108282864943])",0.0
F093,"immortal, jellyfish, confirmed, sources, last, education, democrat, ground","(200,[23,34,66,76,87,130,188,189],[0.6714286566053024,3.2208738275308737,2.38796470459577,2.057723017725193,3.3262343431887,2.366458499374806,0.6406569979385486,3.0811118851557153])",0.0
F236,"government, cover-up, confirmed, sources, environment, produce, generation, tonight","(200,[7,13,23,48,59,163,188,189],[3.7316994512968646,2.4789364828014966,0.6714286566053024,3.8187108282864943,2.6902455764687034,3.914021008090819,0.6406569979385486,3.0811118851557153])",0.0
F069,"flat, earth, confirmed, sources, born, throughout, manage, local.","(200,[23,76,83,118,125,145,148,188],[0.6714286566053024,2.057723017725193,3.3262343431887,2.958509563063383,2.7826188965997183,5.523458920524919,3.2208738275308737,0.6406569979385486])",0.0
F219,"flat, earth, confirmed, sources, fact, commercial, meet, though","(200,[15,23,43,76,118,140,185,188],[3.3262343431887,0.6714286566053024,3.0385522707369192,2.057723017725193,2.958509563063383,4.019381523748645,0.6792718340663283,0.6406569979385486])",0.0
R079,"new, report, election, sense, mr, under., argue, computer, actually","(200,[47,105,130,132,151,182,185],[8.547930813295173,0.6753425559264385,2.366458499374806,2.4789364828014966,3.6516567436233283,3.577548771469606,0.6792718340663283])",1.0
F042,"hoax, confirmed, sources, war, military, four, student, energy, material.","(200,[16,23,43,77,107,119,136,177,188],[3.2721671219184243,0.6714286566053024,3.0385522707369192,3.914021008090819,3.6516567436233283,3.2208738275308737,4.137164559405029,2.4789364828014966,0.6406569979385486])",0.0
R154,"new, report, budget, report, chair, song, old, check","(200,[81,83,101,105,150,185,191],[2.2276220545205905,3.3262343431887,3.6516567436233283,1.350685111852877,3.0811118851557153,0.6792718340663283,2.324785802974238])",1.0
R089,"new, report, public, health, head, public, threat, deal, understand","(200,[5,33,64,70,87,105,170,185],[2.920769235080536,3.2208738275308737,4.270695952029551,3.7316994512968646,3.3262343431887,0.6753425559264385,5.698620542196782,0.6792718340663283])",1.0
R038,"new, report, public, health, interesting, check, bit, account","(200,[5,34,101,105,170,185,187,189],[2.920769235080536,3.2208738275308737,3.6516567436233283,0.6753425559264385,2.849310271098391,0.6792718340663283,2.579019941358479,3.0811118851557153])",1.0
R053,"new, report, economic, growth, pay, cost, reach., century","(200,[41,72,90,97,105,120,144,185],[3.383392757028649,4.830311739964974,3.577548771469606,3.172083663361442,0.6753425559264385,2.455405985391302,2.324785802974238,0.6792718340663283])",1.0
F201,"hoax, confirmed, sources, value, per, ground, pass, garden, require.","(200,[3,23,87,98,116,136,177,188,192],[3.577548771469606,0.6714286566053024,3.3262343431887,3.6516567436233283,3.8187108282864943,4.137164559405029,2.4789364828014966,0.6406569979385486,3.6516567436233283])",0.0
F013,"secret, cure, confirmed, sources, suffer, simply, democratic, pick, today.","(200,[6,23,42,82,92,135,147,172,188],[2.997730276216664,0.6714286566053024,3.577548771469606,4.42484663185681,2.345405090176974,2.997730276216664,2.324785802974238,3.914021008090819,0.6406569979385486])",0.0
R023,"new, report, policy, president, clearly, cut, science, husband, energy","(200,[6,8,38,105,106,107,142,163,185],[2.997730276216664,2.5277266469709287,3.914021008090819,0.6753425559264385,3.2721671219184243,3.6516567436233283,2.4324164671666035,3.914021008090819,0.6792718340663283])",1.0
R068,"new, report, technology, breakthrough, ready, surface, black, reduce, start","(200,[20,81,105,148,157,159,185,196],[2.579019941358479,4.455244109041181,0.6753425559264385,3.2208738275308737,3.2721671219184243,3.5085558999826545,0.6792718340663283,3.2721671219184243])",1.0
F065,"hoax, confirmed, sources, rest, physical, past, thousand, get, actually","(200,[23,26,47,49,75,108,177,188,198],[0.6714286566053024,3.2208738275308737,2.849310271098391,3.5085558999826545,3.4440173788450834,4.137164559405029,2.4789364828014966,0.6406569979385486,4.019381523748645])",0.0
F239,"celebrity, scandal, confirmed, sources, wind, although, take, focus","(200,[23,55,86,121,131,158,179,188],[0.6714286566053024,3.2721671219184243,2.4789364828014966,2.6330871626287546,3.2721671219184243,3.125563647726549,3.5085558999826545,0.6406569979385486])",0.0
F084,"miracle, drug, confirmed, sources, behind, road, detail, decade","(200,[23,30,56,60,125,143,146,188],[0.6714286566053024,3.5085558999826545,2.8844015909096608,2.8844015909096608,2.7826188965997183,2.849310271098391,3.0385522707369192,0.6406569979385486])",0.0
R120,"new, report, election, culture, manage, rather, stop, dog, imagine.","(200,[26,37,45,83,105,132,164,185,196],[3.2208738275308737,4.42484663185681,3.8187108282864943,3.3262343431887,0.6753425559264385,2.4789364828014966,3.4440173788450834,0.6792718340663283,3.2721671219184243])",1.0
F207,"government, cover-up, confirmed, sources, language, eye, young, consider, strong","(200,[9,13,23,59,112,116,141,155,188],[3.577548771469606,2.4789364828014966,0.6714286566053024,2.6902455764687034,2.997730276216664,3.8187108282864943,3.172083663361442,4.019381523748645,0.6406569979385486])",0.0
R158,"new, report, economic, growth, election, instead, south, section","(200,[16,105,120,127,132,144,168,185],[3.2721671219184243,0.6753425559264385,2.455405985391302,3.577548771469606,2.4789364828014966,2.324785802974238,3.7316994512968646,0.6792718340663283])",1.0
R097,"new, report, technology, breakthrough, billion, enjoy, stop, value","(200,[3,5,20,58,81,105,185,196],[3.577548771469606,2.920769235080536,2.579019941358479,3.914021008090819,2.2276220545205905,0.6753425559264385,0.6792718340663283,3.2721671219184243])",1.0
R092,"new, report, technology, breakthrough, anything, politics, this., friend","(200,[20,81,87,88,105,114,163,185],[2.579019941358479,2.2276220545205905,3.3262343431887,3.3262343431887,0.6753425559264385,3.6516567436233283,3.914021008090819,0.6792718340663283])",1.0
F172,"hoax, confirmed, sources, claim, total, well, great, tell, particularly","(200,[23,43,50,79,137,150,157,177,188],[0.6714286566053024,3.0385522707369192,2.7826188965997183,4.137164559405029,3.7316994512968646,3.0811118851557153,3.2721671219184243,2.4789364828014966,0.6406569979385486])",0.0
R182,"new, report, economic, growth, case, town, focus, prepare, direction","(200,[86,105,115,120,131,142,144,154,185],[2.4789364828014966,0.6753425559264385,3.3262343431887,2.455405985391302,3.2721671219184243,2.4324164671666035,2.324785802974238,3.3262343431887,0.6792718340663283])",1.0
F014,"secret, cure, confirmed, sources, modern, church, seem, section, organization","(200,[23,73,92,136,147,164,168,188],[0.6714286566053024,3.5085558999826545,2.345405090176974,4.137164559405029,2.324785802974238,3.4440173788450834,3.7316994512968646,1.2813139958770972])",0.0
R230,"new, report, election, table, kid, mouth, child, church","(200,[44,73,97,105,123,131,132,185],[3.2721671219184243,3.5085558999826545,3.172083663361442,0.6753425559264385,3.4440173788450834,3.2721671219184243,2.4789364828014966,0.6792718340663283])",1.0
F223,"government, cover-up, confirmed, sources, suffer, bit, pick, sense, quickly","(200,[13,23,47,59,135,172,188,189,191],[2.4789364828014966,0.6714286566053024,2.849310271098391,2.6902455764687034,2.997730276216664,3.914021008090819,0.6406569979385486,3.0811118851557153,2.324785802974238])",0.0
R221,"new, report, policy, receive, billion, travel, food., floor","(200,[17,58,81,85,105,119,142,185],[3.172083663361442,3.914021008090819,2.2276220545205905,3.3262343431887,0.6753425559264385,3.2208738275308737,2.4324164671666035,0.6792718340663283])",1.0
R173,"new, report, climate, change, might, anyone, policy, personal, imagine","(200,[21,66,101,105,124,139,142,185,187],[2.5277266469709287,2.38796470459577,3.6516567436233283,0.6753425559264385,3.5085558999826545,3.6516567436233283,2.4324164671666035,0.6792718340663283,2.579019941358479])",1.0
F249,"immortal, jellyfish, confirmed, sources, agent, boy, process, anyone., cup","(200,[16,23,40,59,66,76,131,157,188],[3.2721671219184243,0.6714286566053024,4.019381523748645,2.6902455764687034,2.38796470459577,2.057723017725193,3.2721671219184243,3.2721671219184243,0.6406569979385486])",0.0
F112,"government, cover-up, confirmed, sources, start, home., yeah, sport","(200,[13,23,49,59,61,78,188,196],[2.4789364828014966,0.6714286566053024,3.5085558999826545,2.6902455764687034,4.607168188650764,3.8187108282864943,0.6406569979385486,3.2721671219184243])",0.0
R058,"new, report, budget, report, american, decision, low., effect, happy","(200,[52,105,124,146,147,185,191,193],[3.4440173788450834,1.350685111852877,3.5085558999826545,3.0385522707369192,2.324785802974238,0.6792718340663283,2.324785802974238,3.8187108282864943])",1.0
R159,"new, report, economic, growth, program, expect, sport","(200,[78,91,105,120,144,173,185],[3.8187108282864943,3.7316994512968646,0.6753425559264385,2.455405985391302,2.324785802974238,3.7316994512968646,0.6792718340663283])",1.0
R029,"new, report, economic, growth, miss, city, tree, option, office","(200,[13,71,95,105,120,144,185],[2.4789364828014966,7.017111799965309,3.5085558999826545,0.6753425559264385,2.455405985391302,4.649571605948476,0.6792718340663283])",1.0
R126,"new, report, research, particular, choice, instead, address, three., add","(200,[32,53,54,87,105,110,127,184,185],[2.7508701982851385,3.2721671219184243,3.577548771469606,3.3262343431887,0.6753425559264385,3.5085558999826545,3.577548771469606,2.5530444549552183,0.6792718340663283])",1.0
R132,"new, report, education, prove, spend, able., reason, sea, still","(200,[14,17,105,112,130,144,153,185],[2.997730276216664,3.172083663361442,0.6753425559264385,2.997730276216664,4.732916998749612,2.324785802974238,5.523458920524919,0.6792718340663283])",1.0
R025,"new, report, election, benefit, trouble, authority, white, name, future","(200,[15,43,53,88,105,109,132,176,185],[3.3262343431887,3.0385522707369192,3.2721671219184243,3.3262343431887,0.6753425559264385,4.019381523748645,2.4789364828014966,3.6516567436233283,0.6792718340663283])",1.0
F214,"secret, cure, confirmed, sources, life, debate.","(200,[23,77,79,92,147,188],[0.6714286566053024,3.914021008090819,4.137164559405029,2.345405090176974,2.324785802974238,0.6406569979385486])",0.0
R177,"new, report, policy, garden, play, else., oil, behind, stock.","(200,[35,44,105,136,142,146,157,173,185],[3.172083663361442,3.2721671219184243,0.6753425559264385,4.137164559405029,2.4324164671666035,3.0385522707369192,3.2721671219184243,3.7316994512968646,0.6792718340663283])",1.0
R196,"new, report, budget, report, dream, case, trade, no., base","(200,[19,70,105,142,166,173,185,191],[3.5085558999826545,3.7316994512968646,1.350685111852877,2.4324164671666035,3.383392757028649,3.7316994512968646,0.6792718340663283,2.324785802974238])",1.0
R135,"new, report, budget, report, majority, listen, fly, its., public","(200,[15,29,44,105,144,170,185,191],[3.3262343431887,3.8187108282864943,3.2721671219184243,1.350685111852877,2.324785802974238,2.849310271098391,0.6792718340663283,2.324785802974238])",1.0
F152,"government, cover-up, confirmed, sources, two, top, rule, keep.","(200,[13,23,59,128,143,167,188],[2.4789364828014966,0.6714286566053024,2.6902455764687034,5.565237793199437,2.849310271098391,3.914021008090819,0.6406569979385486])",0.0
F180,"secret, cure, confirmed, sources, compare, culture, find.","(200,[23,45,46,92,147,159,188],[0.6714286566053024,3.8187108282864943,3.914021008090819,2.345405090176974,2.324785802974238,3.5085558999826545,0.6406569979385486])",0.0
F003,"secret, cure, confirmed, sources, tonight, tree, around, sing, campaign","(200,[23,51,71,75,92,147,188,189,197],[0.6714286566053024,3.914021008090819,3.5085558999826545,3.4440173788450834,2.345405090176974,2.324785802974238,0.6406569979385486,3.0811118851557153,4.137164559405029])",0.0
F244,"celebrity, scandal, confirmed, sources, every, traditional, speak","(200,[23,81,86,121,132,188],[0.6714286566053024,2.2276220545205905,4.957872965602993,2.6330871626287546,2.4789364828014966,0.6406569979385486])",0.0
F194,"immortal, jellyfish, confirmed, sources, new, father, hard., water","(200,[0,23,66,76,117,185,188,189],[4.019381523748645,0.6714286566053024,2.38796470459577,2.057723017725193,3.914021008090819,0.6792718340663283,0.6406569979385486,3.0811118851557153])",0.0
R044,"new, report, policy, talk, season, mention, strategy, adult, kitchen","(200,[72,91,105,107,125,142,156,158,185],[4.830311739964974,3.7316994512968646,0.6753425559264385,3.6516567436233283,2.7826188965997183,2.4324164671666035,3.4440173788450834,3.125563647726549,0.6792718340663283])",1.0
R141,"new, report, economic, growth, call, sort, past, science., western","(200,[75,105,120,124,134,144,146,185],[3.4440173788450834,0.6753425559264385,4.910811970782604,3.5085558999826545,3.914021008090819,2.324785802974238,3.0385522707369192,0.6792718340663283])",1.0
R188,"new, report, climate, change, always, many, third, left, speech.","(200,[11,21,62,105,171,180,185,187,188],[3.3262343431887,2.5277266469709287,3.7316994512968646,0.6753425559264385,3.914021008090819,4.42484663185681,0.6792718340663283,2.579019941358479,0.6406569979385486])",1.0
F010,"aliens, confirmed, sources, leg, happy, true, factor., turn, look","(200,[16,23,50,86,90,139,147,188],[3.2721671219184243,0.6714286566053024,2.7826188965997183,2.4789364828014966,3.577548771469606,3.6516567436233283,2.324785802974238,1.2813139958770972])",0.0
R106,"new, report, economic, growth, big, suffer, heart, list, prove","(200,[8,14,48,105,120,128,135,144,185],[2.5277266469709287,2.997730276216664,3.8187108282864943,0.6753425559264385,2.455405985391302,2.7826188965997183,2.997730276216664,2.324785802974238,0.6792718340663283])",1.0
R049,"new, report, research, discover, manage, security, responsibility, during.","(200,[32,34,83,98,102,105,170,185],[2.7508701982851385,3.2208738275308737,3.3262343431887,3.6516567436233283,4.270695952029551,0.6753425559264385,2.849310271098391,0.6792718340663283])",1.0
R144,"new, report, budget, report, main, apply, necessary, body","(200,[37,41,105,112,179,185,191],[4.42484663185681,3.383392757028649,1.350685111852877,2.997730276216664,3.5085558999826545,0.6792718340663283,2.324785802974238])",1.0
F199,"celebrity, scandal, confirmed, sources, instead, mission, specific, together","(200,[23,59,69,86,112,121,127,188],[0.6714286566053024,2.6902455764687034,3.914021008090819,2.4789364828014966,2.997730276216664,2.6330871626287546,3.577548771469606,0.6406569979385486])",0.0
F215,"secret, cure, confirmed, sources, foreign, start, drop, wish","(200,[6,23,92,95,147,177,188,196],[2.997730276216664,0.6714286566053024,2.345405090176974,3.5085558999826545,2.324785802974238,2.4789364828014966,0.6406569979385486,3.2721671219184243])",0.0
R176,"new, report, economic, growth, guy, president, action, cut","(200,[6,33,94,105,106,120,144,185],[2.997730276216664,3.2208738275308737,3.577548771469606,0.6753425559264385,3.2721671219184243,2.455405985391302,2.324785802974238,0.6792718340663283])",1.0
F105,"hoax, confirmed, sources, however, none, country., face, offer","(200,[23,31,34,62,111,158,177,188],[0.6714286566053024,4.830311739964974,3.2208738275308737,3.7316994512968646,4.270695952029551,3.125563647726549,2.4789364828014966,0.6406569979385486])",0.0
F031,"miracle, drug, confirmed, sources, professional, including, concern, enter, realize","(200,[23,35,56,60,134,155,168,182,188],[0.6714286566053024,3.172083663361442,2.8844015909096608,2.8844015909096608,3.914021008090819,4.019381523748645,3.7316994512968646,3.577548771469606,0.6406569979385486])",0.0
R206,"new, report, research, long, writer, certain, film, though, red","(200,[3,32,52,88,104,105,106,185],[3.577548771469606,2.7508701982851385,3.4440173788450834,3.3262343431887,4.270695952029551,0.6753425559264385,3.2721671219184243,1.3585436681326566])",1.0
F238,"secret, cure, confirmed, sources, read, best, use, ability","(200,[23,50,81,92,133,147,163,188],[0.6714286566053024,2.7826188965997183,2.2276220545205905,2.345405090176974,3.125563647726549,2.324785802974238,3.914021008090819,0.6406569979385486])",0.0
R027,"new, report, climate, change, medical, fill, crime, ready","(200,[21,68,105,127,131,157,185,187],[2.5277266469709287,3.4440173788450834,0.6753425559264385,3.577548771469606,3.2721671219184243,3.2721671219184243,0.6792718340663283,2.579019941358479])",1.0
F169,"government, cover-up, confirmed, sources, issue, mother, coach, girl, speak.","(200,[13,16,23,29,59,114,150,154,188],[2.4789364828014966,3.2721671219184243,0.6714286566053024,3.8187108282864943,2.6902455764687034,3.6516567436233283,3.0811118851557153,3.3262343431887,0.6406569979385486])",0.0
F208,"aliens, confirmed, sources, woman, surface, lead, on., truth, notice","(200,[11,23,50,69,81,125,156,163,188],[3.3262343431887,0.6714286566053024,2.7826188965997183,3.914021008090819,2.2276220545205905,2.7826188965997183,3.4440173788450834,3.914021008090819,0.6406569979385486])",0.0
F212,"miracle, drug, confirmed, sources, behind, political, fast, list","(200,[23,56,60,63,128,135,146,188],[0.6714286566053024,2.8844015909096608,2.8844015909096608,4.019381523748645,2.7826188965997183,2.997730276216664,3.0385522707369192,0.6406569979385486])",0.0
F032,"hoax, confirmed, sources, decade, teacher, mention, thought, thing, audience.","(200,[23,30,55,57,107,108,177,188],[0.6714286566053024,3.5085558999826545,3.2721671219184243,3.383392757028649,3.6516567436233283,4.137164559405029,4.957872965602993,0.6406569979385486])",0.0
F109,"hoax, confirmed, sources, choose, local, improve, education., technology, race","(200,[8,20,23,28,47,54,106,177,188],[2.5277266469709287,2.579019941358479,0.6714286566053024,3.8187108282864943,2.849310271098391,3.577548771469606,3.2721671219184243,2.4789364828014966,0.6406569979385486])",0.0
R111,"new, report, policy, test, various, late, drive, college, have.","(200,[47,57,79,82,105,125,142,185,186],[2.849310271098391,3.383392757028649,4.137164559405029,4.42484663185681,0.6753425559264385,2.7826188965997183,2.4324164671666035,0.6792718340663283,4.42484663185681])",1.0
F078,"aliens, confirmed, sources, think, fly, agreement, response., imagine, people","(200,[13,23,50,63,68,101,135,144,188],[2.4789364828014966,0.6714286566053024,2.7826188965997183,4.019381523748645,3.4440173788450834,3.6516567436233283,2.997730276216664,2.324785802974238,0.6406569979385486])",0.0
R105,"new, report, budget, report, least, year, clear, nature, section.","(200,[11,34,99,105,133,185,191],[6.6524686863774,3.2208738275308737,5.117993812416755,1.350685111852877,3.125563647726549,0.6792718340663283,2.324785802974238])",1.0
F196,"government, cover-up, confirmed, sources, age, attorney, serve, since","(200,[13,23,53,59,87,125,188,191],[2.4789364828014966,0.6714286566053024,3.2721671219184243,2.6902455764687034,3.3262343431887,2.7826188965997183,0.6406569979385486,2.324785802974238])",0.0
F118,"immortal, jellyfish, confirmed, sources, wish, paper, information, recently","(200,[23,34,66,76,90,95,188,190],[0.6714286566053024,3.2208738275308737,2.38796470459577,2.057723017725193,3.577548771469606,3.5085558999826545,0.6406569979385486,3.3262343431887])",0.0
F077,"secret, cure, confirmed, sources, financial, future, rate, big.","(200,[7,23,53,88,90,92,147,188],[3.7316994512968646,0.6714286566053024,3.2721671219184243,3.3262343431887,3.577548771469606,2.345405090176974,2.324785802974238,0.6406569979385486])",0.0
F070,"government, cover-up, confirmed, sources, page, oil, perform, meeting, idea","(200,[13,20,23,27,35,59,98,158,188],[2.4789364828014966,2.579019941358479,0.6714286566053024,3.914021008090819,3.172083663361442,2.6902455764687034,3.6516567436233283,3.125563647726549,0.6406569979385486])",0.0
F041,"immortal, jellyfish, confirmed, sources, sport, stage, apply, size., artist","(200,[23,30,66,76,78,112,131,132,188],[0.6714286566053024,3.5085558999826545,2.38796470459577,2.057723017725193,3.8187108282864943,2.997730276216664,3.2721671219184243,2.4789364828014966,0.6406569979385486])",0.0
R026,"new, report, policy, less, change, night, available, simply","(200,[42,69,75,105,142,185,187,195],[3.577548771469606,3.914021008090819,3.4440173788450834,0.6753425559264385,2.4324164671666035,0.6792718340663283,2.579019941358479,4.42484663185681])",1.0
R207,"new, report, policy, cultural, growth, large, authority, yard","(200,[22,24,33,105,120,142,176,185],[3.6516567436233283,4.137164559405029,3.2208738275308737,0.6753425559264385,2.455405985391302,2.4324164671666035,3.6516567436233283,0.6792718340663283])",1.0
F163,"secret, cure, confirmed, sources, focus, debate, amount, investment","(200,[22,23,76,92,131,147,162,188],[3.6516567436233283,0.6714286566053024,2.057723017725193,2.345405090176974,3.2721671219184243,2.324785802974238,4.42484663185681,0.6406569979385486])",0.0
F171,"government, cover-up, confirmed, sources, weight, continue, official, year, outside.","(200,[4,13,23,59,85,99,143,154,188],[3.3262343431887,2.4789364828014966,0.6714286566053024,2.6902455764687034,3.3262343431887,5.117993812416755,2.849310271098391,3.3262343431887,0.6406569979385486])",0.0
F139,"immortal, jellyfish, confirmed, sources, within, bank, particular, send, maybe.","(200,[17,23,66,75,76,123,182,184,188],[3.172083663361442,0.6714286566053024,2.38796470459577,3.4440173788450834,2.057723017725193,3.4440173788450834,3.577548771469606,2.5530444549552183,0.6406569979385486])",0.0
F120,"miracle, drug, confirmed, sources, newspaper, church, southern, start","(200,[23,38,56,60,73,143,188,196],[0.6714286566053024,3.914021008090819,2.8844015909096608,2.8844015909096608,3.5085558999826545,2.849310271098391,0.6406569979385486,3.2721671219184243])",0.0
F146,"mind, control, confirmed, sources, way, statement, wall, at.","(200,[4,8,17,23,152,184,188,191],[3.3262343431887,2.5277266469709287,3.172083663361442,0.6714286566053024,3.7316994512968646,2.5530444549552183,0.6406569979385486,2.324785802974238])",0.0
R115,"new, report, research, push, role, write, exactly, professional, inside","(200,[32,45,66,96,105,150,155,178,185],[2.7508701982851385,3.8187108282864943,2.38796470459577,3.4440173788450834,0.6753425559264385,3.0811118851557153,4.019381523748645,3.5085558999826545,0.6792718340663283])",1.0
F039,"aliens, confirmed, sources, state, meet, inside, weight., statement, many","(200,[8,17,23,50,66,88,140,188],[2.5277266469709287,3.172083663361442,0.6714286566053024,2.7826188965997183,2.38796470459577,3.3262343431887,4.019381523748645,1.2813139958770972])",0.0
F225,"hoax, confirmed, sources, set, interview, else., magazine, community, dream.","(200,[13,23,30,35,142,157,174,177,188],[2.4789364828014966,0.6714286566053024,3.5085558999826545,3.172083663361442,2.4324164671666035,3.2721671219184243,3.577548771469606,2.4789364828014966,0.6406569979385486])",0.0
F140,"aliens, confirmed, sources, technology, reduce, step, food, necessary, read","(200,[20,23,50,53,158,159,179,188],[2.579019941358479,0.6714286566053024,5.565237793199437,3.2721671219184243,3.125563647726549,3.5085558999826545,3.5085558999826545,0.6406569979385486])",0.0
F122,"mind, control, confirmed, sources, organization, task, take, impact, race","(200,[8,23,51,54,55,164,172,184,188],[2.5277266469709287,0.6714286566053024,3.914021008090819,3.577548771469606,3.2721671219184243,3.4440173788450834,3.914021008090819,2.5530444549552183,0.6406569979385486])",0.0
R070,"new, report, budget, report, particular, strategy, behind, television., dog","(200,[91,105,146,164,165,184,185,191],[3.7316994512968646,1.350685111852877,3.0385522707369192,3.4440173788450834,4.607168188650764,2.5530444549552183,0.6792718340663283,2.324785802974238])",1.0
F248,"celebrity, scandal, confirmed, sources, lose, course, detail, every","(200,[22,23,52,81,86,121,143,188],[3.6516567436233283,0.6714286566053024,3.4440173788450834,2.2276220545205905,2.4789364828014966,2.6330871626287546,2.849310271098391,0.6406569979385486])",0.0
R016,"new, report, technology, breakthrough, day, coach, back, capital, agree","(200,[20,30,81,105,114,125,133,141,185],[2.579019941358479,3.5085558999826545,2.2276220545205905,0.6753425559264385,3.6516567436233283,2.7826188965997183,3.125563647726549,3.172083663361442,0.6792718340663283])",1.0
R148,"new, report, technology, breakthrough, moment, system, apply, message, west","(200,[1,20,81,85,105,112,115,185,196],[4.270695952029551,2.579019941358479,2.2276220545205905,3.3262343431887,0.6753425559264385,2.997730276216664,3.3262343431887,0.6792718340663283,3.2721671219184243])",1.0
R142,"new, report, budget, report, begin, crime, rock, partner.","(200,[105,113,131,174,185,190,191],[1.350685111852877,3.5085558999826545,3.2721671219184243,3.577548771469606,0.6792718340663283,3.3262343431887,2.324785802974238])",1.0
F141,"miracle, drug, confirmed, sources, lead, fact, mr","(200,[15,23,47,56,60,156,188],[3.3262343431887,0.6714286566053024,2.849310271098391,2.8844015909096608,2.8844015909096608,3.4440173788450834,0.6406569979385486])",0.0
R076,"new, report, technology, breakthrough, three, pass, new, reflect., experts","(200,[20,34,81,105,106,125,185,192],[2.579019941358479,3.2208738275308737,2.2276220545205905,0.6753425559264385,3.2721671219184243,2.7826188965997183,1.3585436681326566,3.6516567436233283])",1.0
R180,"new, report, budget, report, north, every, energy, want, structure","(200,[81,105,107,112,178,185,191,196],[2.2276220545205905,1.350685111852877,3.6516567436233283,2.997730276216664,3.5085558999826545,0.6792718340663283,2.324785802974238,3.2721671219184243])",1.0
F126,"aliens, confirmed, sources, guy, attorney, allow, list, poor., stock","(200,[13,23,35,50,53,94,128,188,193],[2.4789364828014966,0.6714286566053024,3.172083663361442,2.7826188965997183,3.2721671219184243,3.577548771469606,2.7826188965997183,0.6406569979385486,3.8187108282864943])",0.0
R134,"new, report, economic, growth, official, throughout, discussion, president, improve","(200,[8,85,105,106,115,120,144,148,185],[2.5277266469709287,3.3262343431887,0.6753425559264385,3.2721671219184243,3.3262343431887,2.455405985391302,2.324785802974238,3.2208738275308737,0.6792718340663283])",1.0
F132,"mind, control, confirmed, sources, citizen, develop, fight, management","(200,[8,23,41,126,184,188],[5.0554532939418575,0.6714286566053024,6.766785514057298,3.914021008090819,2.5530444549552183,0.6406569979385486])",0.0
F230,"immortal, jellyfish, confirmed, sources, mrs, one, indicate, left","(200,[15,23,62,66,76,85,151,188],[3.3262343431887,0.6714286566053024,3.7316994512968646,2.38796470459577,2.057723017725193,3.3262343431887,3.6516567436233283,0.6406569979385486])",0.0
F243,"aliens, confirmed, sources, plant, hear, section, traditional., set, son","(200,[9,23,42,44,50,100,142,168,188],[3.577548771469606,0.6714286566053024,3.577548771469606,3.2721671219184243,2.7826188965997183,3.914021008090819,2.4324164671666035,3.7316994512968646,0.6406569979385486])",0.0
R191,"new, report, budget, report, week, send, play, white","(200,[43,105,122,123,173,185,191],[3.0385522707369192,1.350685111852877,3.914021008090819,3.4440173788450834,3.7316994512968646,0.6792718340663283,2.324785802974238])",1.0
R130,"new, report, public, health, ball, election, commercial, growth","(200,[5,43,92,105,120,132,170,185],[2.920769235080536,3.0385522707369192,2.345405090176974,0.6753425559264385,2.455405985391302,2.4789364828014966,2.849310271098391,0.6792718340663283])",1.0
F081,"mind, control, confirmed, sources, certain, third, win, parent, weight","(200,[4,8,23,88,132,171,184,188,198],[3.3262343431887,2.5277266469709287,0.6714286566053024,3.3262343431887,2.4789364828014966,3.914021008090819,2.5530444549552183,0.6406569979385486,4.019381523748645])",0.0
R209,"new, report, technology, breakthrough, doctor, accept, kind, me.","(200,[20,44,57,81,105,177,185],[2.579019941358479,3.2721671219184243,3.383392757028649,2.2276220545205905,0.6753425559264385,4.957872965602993,0.6792718340663283])",1.0
F228,"hoax, confirmed, sources, leave, without, field, store.","(200,[23,43,74,113,177,188],[0.6714286566053024,6.0771045414738385,4.019381523748645,3.5085558999826545,2.4789364828014966,0.6406569979385486])",0.0
R030,"new, report, budget, report, nature, must, stock, buy., hope","(200,[0,11,23,105,126,185,191,193],[4.019381523748645,3.3262343431887,0.6714286566053024,1.350685111852877,3.914021008090819,0.6792718340663283,2.324785802974238,3.8187108282864943])",1.0
R214,"new, report, education, relate, something, represent, take, glass, measure","(200,[26,55,105,117,128,130,132,185,188],[3.2208738275308737,3.2721671219184243,0.6753425559264385,3.914021008090819,2.7826188965997183,2.366458499374806,2.4789364828014966,0.6792718340663283,0.6406569979385486])",1.0
R175,"new, report, economic, growth, market, successful, budget, letter., personal","(200,[57,59,100,105,120,139,144,185,191],[3.383392757028649,2.6902455764687034,3.914021008090819,0.6753425559264385,2.455405985391302,3.6516567436233283,2.324785802974238,0.6792718340663283,2.324785802974238])",1.0
