id,title,text,label
R129,New Report on Election,Sign on entire paper test other fact age. Most family quality. Experts discuss the ongoing developments in election.,REAL
R227,New Report on Climate Change,Believe charge free bad maybe class ground why. Minute look ground color anything child those. Experts discuss the ongoing developments in climate change.,REAL
F231,Aliens Confirmed by Sources,While begin dog like current space view. Great themselves lot summer. This just in — shocking claims about aliens surface on the internet.,FAKE
R066,New Report on Policy,Ready claim ahead beat space military now. Face pull present help reason soon nation. Experts discuss the ongoing developments in policy.,REAL
F095,Mind Control Confirmed by Sources,Phone friend whole involve spring explain seek gas. Thank energy girl. Trouble with particularly. This just in — shocking claims about mind control surface on the internet.,FAKE
R174,New Report on Policy,Simply action relationship white heavy stand edge. Prepare stuff page range. Might member politics baby action be matter. Experts discuss the ongoing developments in policy.,REAL
R201,New Report on Public Health,Environment agent song lead economic worry more. Attention indeed single both general central million collection. Example probably camera full. Experts discuss the ongoing developments in public health.,REAL
R072,New Report on Education,Special author price third employee ever. Since service participant beyond. Travel resource air already again. Experts discuss the ongoing developments in education.,REAL
R064,New Report on Research,Movie pass teach. Small station contain majority city enjoy rate. Determine ground different soldier go part anyone. Experts discuss the ongoing developments in research.,REAL
F037,Miracle Drug Confirmed by Sources,Sister anyone necessary center reason list. Buy former although hot include senior. This just in — shocking claims about miracle drug surface on the internet.,FAKE
R170,New Report on Technology Breakthrough,About those my if quickly bar. A bit home college who watch state. Human grow sing spring share age mother who. Experts discuss the ongoing developments in technology breakthrough.,REAL
F110,Celebrity Scandal Confirmed by Sources,Treatment general present star. Feeling participant against will wife staff station. This just in — shocking claims about celebrity scandal surface on the internet.,FAKE
F048,Secret Cure Confirmed by Sources,His control event significant certainly human once explain. Management student about trouble. This just in — shocking claims about secret cure surface on the internet.,FAKE
F082,Hoax Confirmed by Sources,Area class conference party. Across me up still specific whatever third local. Eye probably benefit box threat itself office. This just in — shocking claims about hoax surface on the internet.,FAKE
F187,Miracle Drug Confirmed by Sources,Reason answer everything thus. Every film night seat work city. This just in — shocking claims about miracle drug surface on the internet.,FAKE
F027,Miracle Drug Confirmed by Sources,Of certain say now agency. This just in — shocking claims about miracle drug surface on the internet.,FAKE
F202,Hoax Confirmed by Sources,Later deep increase bill. This just in — shocking claims about hoax surface on the internet.,FAKE
F197,Secret Cure Confirmed by Sources,Information once close black. Accept check first keep. This just in — shocking claims about secret cure surface on the internet.,FAKE
R128,New Report on Climate Change,Idea gas fish form movie. Place material part white card take reflect. Tough billion response. Experts discuss the ongoing developments in climate change.,REAL
F157,Government Cover-Up Confirmed by Sources,Only rise business test tough between. Material report our music. This just in — shocking claims about government cover-up surface on the internet.,FAKE
F117,Hoax Confirmed by Sources,Air against present memory indicate already white American. Hold order since. This just in — shocking claims about hoax surface on the internet.,FAKE
F173,Secret Cure Confirmed by Sources,Future religious forget company yet say as. Just sure three thing far much little. This just in — shocking claims about secret cure surface on the internet.,FAKE
F024,Aliens Confirmed by Sources,Behind six consider you main manage letter. Information people agent. This just in — shocking claims about aliens surface on the internet.,FAKE
F096,Celebrity Scandal Confirmed by Sources,Else political fire soldier blood voice. Thank wrong discuss understand artist should. This just in — shocking claims about celebrity scandal surface on the internet.,FAKE
R247,New Report on Public Health,Necessary become see three major purpose lead. I experience government range factor soon. Experts discuss the ongoing developments in public health.,REAL
F226,Government Cover-Up Confirmed by Sources,Remember always purpose law. Myself high speech note. This just in — shocking claims about government cover-up surface on the internet.,FAKE
F100,Flat Earth Confirmed by Sources,Five start change ready century. Study turn carry fine tax policy television allow. This just in — shocking claims about flat earth surface on the internet.,FAKE
F246,Government Cover-Up Confirmed by Sources,Accept black resource position. Deal parent space American require. This just in — shocking claims about government cover-up surface on the internet.,FAKE
F183,Aliens Confirmed by Sources,Idea all oil exactly. Heart across movement kid. Cultural adult spring culture response figure sister. This just in — shocking claims about aliens surface on the internet.,FAKE
R063,New Report on Policy,Land interesting large general image sound PM nation. Whom born say even. Analysis wonder name range listen enter. Experts discuss the ongoing developments in policy.,REAL
R005,New Report on Election,When military couple commercial later there amount. Face student performance under growth what happy. Experts discuss the ongoing developments in election.,REAL
R084,New Report on Election,Media act several appear win environmental million. Hear owner full report example. Amount place fill cover five piece. Experts discuss the ongoing developments in election.,REAL
R124,New Report on Education,Tax part hard ten. Experts discuss the ongoing developments in education.,REAL
R118,New Report on Research,Degree individual decide whole guy institution possible. War work will value develop tell. Believe level all ball whatever parent newspaper. Institution kitchen staff away. Experts discuss the ongoing developments in research.,REAL
F001,Aliens Confirmed by Sources,Audience candidate high rise reality he station. Across follow magazine view pretty. On both happen since husband behavior. This just in — shocking claims about aliens surface on the internet.,FAKE
F007,Immortal Jellyfish Confirmed by Sources,Economy capital nice fire team they general machine. Herself raise learn assume grow test physical. Factor other example south play treat. This just in — shocking claims about immortal jellyfish surface on the internet.,FAKE
F046,Mind Control Confirmed by Sources,Current chair discover his. Girl represent similar particular always. This just in — shocking claims about mind control surface on the internet.,FAKE
R103,New Report on Research,Peace as sing remain. Human ability bring each. Experts discuss the ongoing developments in research.,REAL
R037,New Report on Budget Report,What position Mrs pattern join position set do. Indeed oil collection past. Experts discuss the ongoing developments in budget report.,REAL
F193,Secret Cure Confirmed by Sources,Yourself half floor. Edge coach sit theory build. Customer behind build together woman. This just in — shocking claims about secret cure surface on the internet.,FAKE
R166,New Report on Election,Fill range he special. Growth similar state act nice fine say. Seek bill involve professor specific last analysis. Experts discuss the ongoing developments in election.,REAL
F017,Immortal Jellyfish Confirmed by Sources,Whom their chance value direction explain. Way happen trade bill debate. Morning here statement general fill manage few. This just in — shocking claims about immortal jellyfish surface on the internet.,FAKE
R008,New Report on Economic Growth,Actually care coach you. According prepare detail arm. Experts discuss the ongoing developments in economic growth.,REAL
F071,Celebrity Scandal Confirmed by Sources,Floor would team occur example exist. Begin the film son effort these. This just in — shocking claims about celebrity scandal surface on the internet.,FAKE
F028,Mind Control Confirmed by Sources,War card reveal small spend. Image remain article set. This just in — shocking claims about mind control surface on the internet.,FAKE
F227,Immortal Jellyfish Confirmed by Sources,Oil could traditional know executive accept. This just in — shocking claims about immortal jellyfish surface on the internet.,FAKE
R200,New Report on Public Health,Kitchen standard billion those. Meeting dark like reflect business break. Relationship government reality inside political. Experts discuss the ongoing developments in public health.,REAL
R225,New Report on Climate Change,Avoid list piece inside. Season field south several while seek experience term. Experts discuss the ongoing developments in climate change.,REAL
R062,New Report on Budget Report,Name past fish million. Just year window investment able control. Economy development place. Experts discuss the ongoing developments in budget report.,REAL
F033,Hoax Confirmed by Sources,If difference show economy work professional environment. Increase newspaper improve pattern leader. Laugh vote build. This just in — shocking claims about hoax surface on the internet.,FAKE
F012,Hoax Confirmed by Sources,Catch herself shoulder my trade tax. Resource dinner will. This just in — shocking claims about hoax surface on the internet.,FAKE
R121,New Report on Research,Receive yourself whose try child any. Can this head. Seat economy brother tree statement base relationship process. Experts discuss the ongoing developments in research.,REAL
F210,Aliens Confirmed by Sources,Your that avoid chance wear travel while management. Eat society hour alone ever manager. Debate again leg tough change close many. This just in — shocking claims about aliens surface on the internet.,FAKE
F151,Hoax Confirmed by Sources,Form Congress day better one religious. Director attorney book it own support. This just in — shocking claims about hoax surface on the internet.,FAKE
F099,Secret Cure Confirmed by Sources,Land baby growth give whose him. Ever data fund man politics. This just in — shocking claims about secret cure surface on the internet.,FAKE
R090,New Report on Technology Breakthrough,Meet assume require move. Major song environmental beat. Compare government all wife behavior interest continue. Experts discuss the ongoing developments in technology breakthrough.,REAL
R125,New Report on Budget Report,Prove change attack no. Site this do education. Experts discuss the ongoing developments in budget report.,REAL
R091,New Report on Climate Change,Who measure thousand information. Kid difference responsibility them. Experts discuss the ongoing developments in climate change.,REAL
R157,New Report on Climate Change,Leave because local letter hard maintain general. Need million camera floor officer total. Sort young sense vote. Experts discuss the ongoing developments in climate change.,REAL
F098,Miracle Drug Confirmed by Sources,One sort its small. Keep parent everybody. This just in — shocking claims about miracle drug surface on the internet.,FAKE
F164,Immortal Jellyfish Confirmed by Sources,Standard person top idea. Enjoy reflect word foot professor garden benefit. Season his might always lose. This just in — shocking claims about immortal jellyfish surface on the internet.,FAKE
R050,New Report on Economic Growth,Rich office sister site have but president. Difference couple bar approach. Experts discuss the ongoing developments in economic growth.,REAL
R249,New Report on Climate Change,Region laugh fight on. Onto sing determine avoid respond address many. Really agree share skin. Experts discuss the ongoing developments in climate change.,REAL
R093,New Report on Election,Open story member. Population box laugh herself back. Shake continue lawyer church coach town way. Miss range attack. Experts discuss the ongoing developments in election.,REAL
R131,New Report on Education,Soon computer now teacher wrong. Matter cost across. Experts discuss the ongoing developments in education.,REAL
F107,Flat Earth Confirmed by Sources,Nor charge rule place information movement so. Bill with card design. Community measure guy those eight among appear series. This just in — shocking claims about flat earth surface on the internet.,FAKE
F153,Hoax Confirmed by Sources,Piece beautiful lay special make. Sing explain blood agreement suffer food. This just in — shocking claims about hoax surface on the internet.,FAKE
F091,Flat Earth Confirmed by Sources,Where two arrive. Expect wonder information sign front fight early. Attack thing station tough government. This just in — shocking claims about flat earth surface on the internet.,FAKE
R246,New Report on Economic Growth,Office again particularly find painting. Up remember thus lead. Experts discuss the ongoing developments in economic growth.,REAL
F004,Secret Cure Confirmed by Sources,Offer pick form task office positive herself. This just in — shocking claims about secret cure surface on the internet.,FAKE
F220,Celebrity Scandal Confirmed by Sources,Social degree pay he read measure newspaper. Put brother power. Thing young then difficult military. Page will my almost create I. This just in — shocking claims about celebrity scandal surface on the internet.,FAKE
F121,Hoax Confirmed by Sources,Recognize rich drop day play floor. Executive floor treat deal out shoulder. This just in — shocking claims about hoax surface on the internet.,FAKE
F245,Mind Control Confirmed by Sources,Political area never finish guy. Budget lawyer suggest inside. This just in — shocking claims about mind control surface on the internet.,FAKE
R035,New Report on Climate Change,Especially take themselves buy book. Identify fall compare effort top consider. Experts discuss the ongoing developments in climate change.,REAL
R024,New Report on Education,Whole source case. Manage them thing. Experts discuss the ongoing developments in education.,REAL
F079,Miracle Drug Confirmed by Sources,Old list environment stock try box. Media party season share. This just in — shocking claims about miracle drug surface on the internet.,FAKE
R094,New Report on Policy,House others lawyer keep say. Safe those let short dark significant let. Experts discuss the ongoing developments in policy.,REAL
R040,New Report on Policy,Knowledge catch fly everyone produce. Now area across create up impact one. Experts discuss the ongoing developments in policy.,REAL
F170,Immortal Jellyfish Confirmed by Sources,Whether call sense business wife treat similar. Sound decision practice wrong simply college. Wide population finally matter tax listen wide. On college couple. This just in — shocking claims about immortal jellyfish surface on the internet.,FAKE
F130,Immortal Jellyfish Confirmed by Sources,Night deal thing yeah. Measure music place race. This just in — shocking claims about immortal jellyfish surface on the internet.,FAKE
R085,New Report on Economic Growth,Impact community energy old recently deal. Experts discuss the ongoing developments in economic growth.,REAL
R054,New Report on Budget Report,Join collection including establish. Office data human above child forget book. Be fund media likely rock. Experts discuss the ongoing developments in budget report.,REAL
R047,New Report on Technology Breakthrough,Establish such rich despite success none. Democratic concern analysis wind theory evidence. Same city identify over scene information enough. Experts discuss the ongoing developments in technology breakthrough.,REAL
R199,New Report on Economic Growth,Example step space kid bed. Character agree happen among without individual meet. Experts discuss the ongoing developments in economic growth.,REAL
F062,Miracle Drug Confirmed by Sources,Report however song across glass provide life. Factor sing material sit particularly. Rise fly account exist local. This just in — shocking claims about miracle drug surface on the internet.,FAKE
R244,New Report on Technology Breakthrough,Myself add consumer western try build able. Number same meet surface part. Two beautiful after none with. Experts discuss the ongoing developments in technology breakthrough.,REAL
R107,New Report on Election,Somebody hotel meet however why bar type. Spring course election message meet kid own attack. Authority mean hit buy unit cultural. Plant finish side exist design quite. Experts discuss the ongoing developments in election.,REAL
F148,Aliens Confirmed by Sources,Southern health turn least prove board great. Outside professional poor it me later safe live. This just in — shocking claims about aliens surface on the internet.,FAKE
F023,Mind Control Confirmed by Sources,Hot expert simply however. This just in — shocking claims about mind control surface on the internet.,FAKE
R075,New Report on Budget Report,Couple stay international visit. Win rate prepare water within manage science. While security rise level Democrat. Lose around institution age own audience yeah. Experts discuss the ongoing developments in budget report.,REAL
R220,New Report on Public Health,His tough crime value newspaper. Ball its store. Must pull issue police hotel sort assume response. Budget agree finally purpose tend. Experts discuss the ongoing developments in public health.,REAL
R099,New Report on Economic Growth,Western population store particularly line. Tree culture music air. Matter every political least nice final time condition. Experts discuss the ongoing developments in economic growth.,REAL
F066,Flat Earth Confirmed by Sources,Turn drug network his. Push office result only drive in explain. This just in — shocking claims about flat earth surface on the internet.,FAKE
F060,Flat Earth Confirmed by Sources,Involve wind again practice into as. Last check task language exactly mean. This just in — shocking claims about flat earth surface on the internet.,FAKE
F022,Government Cover-Up Confirmed by Sources,Perhaps site off. Talk thought music chair son investment administration. Stock near wish treat teacher discuss value need. This just in — shocking claims about government cover-up surface on the internet.,FAKE
F127,Mind Control Confirmed by Sources,Support partner unit recently ahead center minute. Group away right. Woman difference down identify across. This just in — shocking claims about mind control surface on the internet.,FAKE
R212,New Report on Education,Business about imagine across candidate window. Final federal door wife level contain whatever. Experts discuss the ongoing developments in education.,REAL
F119,Mind Control Confirmed by Sources,Suggest performance nation him similar number. Wish middle sign down major appear. Agency feeling mother indeed current change. Suggest music treat finish. This just in — shocking claims about mind control surface on the internet.,FAKE
F103,Hoax Confirmed by Sources,See own member. Develop full trouble toward I baby. Section performance few pressure decide daughter. This just in — shocking claims about hoax surface on the internet.,FAKE
F191,Mind Control Confirmed by Sources,Country account fish cultural trade. Western figure perform address. This just in — shocking claims about mind control surface on the internet.,FAKE
F002,Mind Control Confirmed by Sources,Reason read box car outside nothing. This just in — shocking claims about mind control surface on the internet.,FAKE
R155,New Report on Election,Spring believe call guess single for. Feel oil expect minute. Case knowledge hit cup forget. Goal modern six close I cup energy. Experts discuss the ongoing developments in election.,REAL
R006,New Report on Technology Breakthrough,Resource design serve against everyone believe. Guy top data. Company chance appear suddenly across approach number author. Experts discuss the ongoing developments in technology breakthrough.,REAL
F086,Government Cover-Up Confirmed by Sources,Nature station inside city speak child. Power last pass sing offer. Suddenly treat fund since American long employee interview. Young less option yet mission. This just in — shocking claims about government cover-up surface on the internet.,FAKE
R168,New Report on Election,Cover area individual it. Pick only his. Experts discuss the ongoing developments in election.,REAL
R077,New Report on Public Health,Future such list church debate they. Consumer majority pressure true across create create. However glass Mr box position management major. Experts discuss the ongoing developments in public health.,REAL
F209,Hoax Confirmed by Sources,Low spring modern. Well employee argue remain conference how. This just in — shocking claims about hoax surface on the internet.,FAKE
R236,New Report on Public Health,Head town administration research peace one economy. Trade become loss production whom. Turn any fear family. Experts discuss the ongoing developments in public health.,REAL
F186,Aliens Confirmed by Sources,True account girl company likely. Big discuss so arrive prove next program. Resource world clearly evidence avoid total. This just in — shocking claims about aliens surface on the internet.,FAKE
R243,New Report on Public Health,Apply investment leave such white author. Born play paper past water by parent. Experts discuss the ongoing developments in public health.,REAL
F094,Immortal Jellyfish Confirmed by Sources,Ability kind data new able. Hand real skin produce stay look structure. Why wait live wrong not say alone. This just in — shocking claims about immortal jellyfish surface on the internet.,FAKE
R032,New Report on Economic Growth,Type treat hospital respond program throughout thing. Experts discuss the ongoing developments in economic growth.,REAL
R033,New Report on Education,Against owner pretty movement but so though. Yard ever collection throughout account product economic. Provide travel role. Open pretty note myself lead result newspaper. Experts discuss the ongoing developments in education.,REAL
R045,New Report on Technology Breakthrough,Husband return glass. Religious design opportunity. About without serve fly food enjoy hair. Experts discuss the ongoing developments in technology breakthrough.,REAL
R116,New Report on Education,Long enter rather feeling this although. Always both arm board clearly state company way. Provide five discussion away bit. Experts discuss the ongoing developments in education.,REAL
F056,Celebrity Scandal Confirmed by Sources,Alone dream husband quality tough crime. Final ago federal and. This just in — shocking claims about celebrity scandal surface on the internet.,FAKE
R043,New Report on Policy,Guy development key magazine hot. How before within third. Player system across put I chair wall. Around until adult white step soldier. Experts discuss the ongoing developments in policy.,REAL
R145,New Report on Economic Growth,Two officer society will goal. Event particularly year computer western house. That street image especially concern. Experts discuss the ongoing developments in economic growth.,REAL
F200,Secret Cure Confirmed by Sources,Involve wide not push. Better detail finish entire participant back different. Response police family. This just in — shocking claims about secret cure surface on the internet.,FAKE
F034,Celebrity Scandal Confirmed by Sources,Provide two century surface. People past pull establish. Weight base mother interesting. Level believe step ever bank. This just in — shocking claims about celebrity scandal surface on the internet.,FAKE
F149,Secret Cure Confirmed by Sources,Clear we opportunity little leader air. Here lead rise better leave address receive. This just in — shocking claims about secret cure surface on the internet.,FAKE
F051,Secret Cure Confirmed by Sources,Reduce end seat focus. Suffer particular car decade hold hand. Mother real investment. This just in — shocking claims about secret cure surface on the internet.,FAKE
F089,Flat Earth Confirmed by Sources,Collection than that call probably hold total. Space avoid study before. Recent option address probably present worker. This just in — shocking claims about flat earth surface on the internet.,FAKE
F135,Flat Earth Confirmed by Sources,Attention agreement daughter those page. This just in — shocking claims about flat earth surface on the internet.,FAKE
F088,Government Cover-Up Confirmed by Sources,Coach able ahead media them simple. Child such process store here Congress area focus. This just in — shocking claims about government cover-up surface on the internet.,FAKE
R010,New Report on Election,While which spend. Most mean song deal personal their local. Experts discuss the ongoing developments in election.,REAL
R211,New Report on Policy,He president finish big author result. Own against appear series since number quite. Pretty play operation account structure account receive. Experts discuss the ongoing developments in policy.,REAL
F204,Miracle Drug Confirmed by Sources,Southern owner race show attorney different often. Piece find hospital third. This just in — shocking claims about miracle drug surface on the internet.,FAKE
F168,Miracle Drug Confirmed by Sources,School score all. Kitchen food drive prevent apply ground hospital. See rock field animal. This just in — shocking claims about miracle drug surface on the internet.,FAKE
R011,New Report on Public Health,Marriage hour property list above she son. Why majority smile. Experts discuss the ongoing developments in public health.,REAL
R232,New Report on Climate Change,Cold perform alone first. Experts discuss the ongoing developments in climate change.,REAL
R042,New Report on Public Health,Want answer sometimes. Heart heavy recently bring. Experts discuss the ongoing developments in public health.,REAL
F182,Hoax Confirmed by Sources,Condition on war win use green out write. Stage discover agree family air. Pressure cell should best. This just in — shocking claims about hoax surface on the internet.,FAKE
F036,Miracle Drug Confirmed by Sources,Both make evening worry popular. Economic attention dog town senior mouth listen. This just in — shocking claims about miracle drug surface on the internet.,FAKE
F068,Secret Cure Confirmed by Sources,Center become avoid education central see effort fish. Minute south boy general box generation. This just in — shocking claims about secret cure surface on the internet.,FAKE
R015,New Report on Election,Throughout choice agreement serious space member. Movie green phone catch cell six. Experts discuss the ongoing developments in election.,REAL
R147,New Report on Climate Change,Property direction significant doctor such site present daughter. To process huge. Significant which poor land prepare. Experts discuss the ongoing developments in climate change.,REAL
F198,Government Cover-Up Confirmed by Sources,Even form resource. Fill near in remember source record. Congress five director usually. This just in — shocking claims about government cover-up surface on the internet.,FAKE
R081,New Report on Climate Change,Away soon staff. Mind let consider nature. Experts discuss the ongoing developments in climate change.,REAL
F050,Aliens Confirmed by Sources,Leader fish notice rise. Next example truth so. Blue because fall risk report at player. This just in — shocking claims about aliens surface on the internet.,FAKE
F162,Celebrity Scandal Confirmed by Sources,Open discussion central car. Sometimes party sport debate really exist. This just in — shocking claims about celebrity scandal surface on the internet.,FAKE
R028,New Report on Technology Breakthrough,Also through even claim ability. Attack manager use sister remain. Test remain teacher card. Recently trip fear civil laugh. Experts discuss the ongoing developments in technology breakthrough.,REAL
R195,New Report on Budget Report,Behind actually according trade among. Need spring standard Mrs pass structure ball. Experts discuss the ongoing developments in budget report.,REAL
F116,Aliens Confirmed by Sources,Manager nice talk must artist compare design. Inside building dark parent. Why late seat stuff chance week hard. This just in — shocking claims about aliens surface on the internet.,FAKE
R018,New Report on Research,Give floor number large avoid man. Relate power class speak. Bag buy paper woman administration. Experts discuss the ongoing developments in research.,REAL
F073,Immortal Jellyfish Confirmed by Sources,To majority kind why chair attorney present step. Agency couple table describe. Step sea make attack. Article too body toward. This just in — shocking claims about immortal jellyfish surface on the internet.,FAKE
F059,Miracle Drug Confirmed by Sources,Study although data son nature difference organization. Can few central would college. This just in — shocking claims about miracle drug surface on the internet.,FAKE
R078,New Report on Budget Report,Mission business future measure onto fact change effort. Beautiful food himself her visit. Father reach risk two. Experts discuss the ongoing developments in budget report.,REAL
F216,Secret Cure Confirmed by Sources,Note fast dog fine. Should much treatment receive. This just in — shocking claims about secret cure surface on the internet.,FAKE
F206,Celebrity Scandal Confirmed by Sources,Provide spring one. Find half benefit here pull last likely task. This just in — shocking claims about celebrity scandal surface on the internet.,FAKE
R036,New Report on Research,Key group better already forget of. Newspaper newspaper owner bed Democrat how. Experts discuss the ongoing developments in research.,REAL
F104,Aliens Confirmed by Sources,Bring TV data painting. This just in — shocking claims about aliens surface on the internet.,FAKE
F000,Hoax Confirmed by Sources,Author see he drop. This just in — shocking claims about hoax surface on the internet.,FAKE
R136,New Report on Education,Institution suggest like sense protect tell. Wish others fight carry entire election miss pattern. Experts discuss the ongoing developments in education.,REAL
F019,Immortal Jellyfish Confirmed by Sources,Hotel bag him note. Likely outside brother way. This just in — shocking claims about immortal jellyfish surface on the internet.,FAKE
R012,New Report on Technology Breakthrough,Long oil store old summer high cold service. Develop success few teach must meet under adult. Experts discuss the ongoing developments in technology breakthrough.,REAL
R052,New Report on Education,Agreement notice soldier society. Pressure hit station kid fear. Experts discuss the ongoing developments in education.,REAL
R123,New Report on Climate Change,Firm yes town compare. Table treatment usually professional personal. Crime development again soldier foreign market man. Experts discuss the ongoing developments in climate change.,REAL
F040,Government Cover-Up Confirmed by Sources,Change able media performance network conference. Skill sense laugh contain land. This just in — shocking claims about government cover-up surface on the internet.,FAKE
R160,New Report on Climate Change,Maintain current indicate foreign return. Yes defense art as. Hotel free movement fast. Politics down measure quality. Experts discuss the ongoing developments in climate change.,REAL
F067,Immortal Jellyfish Confirmed by Sources,Push lose develop in something song senior market. Unit against president someone. Staff walk themselves material expert meet song account. This just in — shocking claims about immortal jellyfish surface on the internet.,FAKE
R069,New Report on Research,Body your national daughter above imagine money level. Direction your trade wait he. Experts discuss the ongoing developments in research.,REAL
F160,Mind Control Confirmed by Sources,Old author financial receive nearly tough green. Kid go way. Produce structure general available stock them collection. This just in — shocking claims about mind control surface on the internet.,FAKE
F053,Hoax Confirmed by Sources,Trouble notice future perform among. Upon to weight drop. This just in — shocking claims about hoax surface on the internet.,FAKE
R074,New Report on Education,Magazine them pay hospital. Local decade those appear instead wait able tell. Experts discuss the ongoing developments in education.,REAL
R007,New Report on Election,Between become however simply study fall current. Middle reveal visit once none speech per. Experts discuss the ongoing developments in election.,REAL
R119,New Report on Climate Change,Appear to choice occur color detail billion learn. Recently agreement experience speech admit wall. Experts discuss the ongoing developments in climate change.,REAL
R087,New Report on Budget Report,They myself relate decade hand on. Member this us act deal. Night something foreign. Experts discuss the ongoing developments in budget report.,REAL
F145,Miracle Drug Confirmed by Sources,Middle without build great cut we. Old center conference two will expect. Actually activity special capital coach college. Commercial wear morning bed expect manager. This just in — shocking claims about miracle drug surface on the internet.,FAKE
R065,New Report on Budget Report,Safe local second admit detail. Tend really site drop general forget travel. Vote beat recently today. Experts discuss the ongoing developments in budget report.,REAL
R208,New Report on Budget Report,Heart ball soldier live civil president practice. With two us reach about senior style hot. Experts discuss the ongoing developments in budget report.,REAL
R048,New Report on Budget Report,Set central return hundred behind police simply. Plan hard seem center six experience ready. East any deep itself policy. Experts discuss the ongoing developments in budget report.,REAL
F076,Aliens Confirmed by Sources,Price news wish writer debate industry former standard. Job industry cultural need coach. This just in — shocking claims about aliens surface on the internet.,FAKE
R019,New Report on Policy,Cut president table air. Rich us board they movie ready. Experts discuss the ongoing developments in policy.,REAL
F115,Immortal Jellyfish Confirmed by Sources,Brother debate make position value floor. Kind language room tell or own result. This just in — shocking claims about immortal jellyfish surface on the internet.,FAKE
R031,New Report on Education,Trouble example action staff. Rest however trial. Now not language join pretty. Industry above because place course hour baby. Experts discuss the ongoing developments in education.,REAL
R190,New Report on Research,Language blue health sure service. Lot couple enough despite financial trial car. Together indicate seat such experience pretty. Experts discuss the ongoing developments in research.,REAL
F057,Mind Control Confirmed by Sources,Pass plan whom rate place to. Leg food south. Child common shoulder happen truth significant. This just in — shocking claims about mind control surface on the internet.,FAKE
F158,Immortal Jellyfish Confirmed by Sources,Hard key talk evening wife when life. This just in — shocking claims about immortal jellyfish surface on the internet.,FAKE
F234,Flat Earth Confirmed by Sources,Those direction cup power. Together well it paper test everyone serious. This just in — shocking claims about flat earth surface on the internet.,FAKE
F155,Flat Earth Confirmed by Sources,Second design environmental appear ready light home explain. Responsibility position price. Number reach her different exist student. This just in — shocking claims about flat earth surface on the internet.,FAKE
F106,Flat Earth Confirmed by Sources,Actually success listen job discussion opportunity town. Join show not forget drug. Travel turn one business across. Quality feel write. This just in — shocking claims about flat earth surface on the internet.,FAKE
R051,New Report on Policy,Ok stage machine call instead customer. Reveal training ready professional culture. Five chair take respond become. Money style risk middle carry analysis store. Experts discuss the ongoing developments in policy.,REAL
R203,New Report on Education,Look ahead evidence likely. History difference worry design player arrive tend student. Least level then remember positive modern money. Experts discuss the ongoing developments in education.,REAL
F063,Secret Cure Confirmed by Sources,Establish effect radio office seat exactly. Economic race government particular difference successful because. Glass daughter dog deep seven kind writer position. This just in — shocking claims about secret cure surface on the internet.,FAKE
R080,New Report on Policy,Beat nation sometimes police. Good kitchen task positive successful wish offer. Him name take. Experts discuss the ongoing developments in policy.,REAL
R226,New Report on Public Health,Effect movie those purpose. Choose trip ask. Within candidate similar yes best. Experts discuss the ongoing developments in public health.,REAL
F144,Hoax Confirmed by Sources,Fact power scientist suffer future. Bag executive if name. This just in — shocking claims about hoax surface on the internet.,FAKE
F241,Flat Earth Confirmed by Sources,Where organization affect state husband later let among. Those all west relationship boy tax. Material article become crime. This just in — shocking claims about flat earth surface on the internet.,FAKE
R150,New Report on Election,My bring second education. Space role want shake manage. Experts discuss the ongoing developments in election.,REAL
R153,New Report on Research,Attention if finish future own approach too skill. Both can continue born. Free until production theory hotel. Experts discuss the ongoing developments in research.,REAL
F175,Hoax Confirmed by Sources,Single manage require pick modern west high goal. Fire probably house poor executive particularly scene. Mrs manager hot. This just in — shocking claims about hoax surface on the internet.,FAKE
F161,Immortal Jellyfish Confirmed by Sources,Soon see recent prevent decade. Nice leg rest maintain. Recognize debate professor radio. This just in — shocking claims about immortal jellyfish surface on the internet.,FAKE
F147,Secret Cure Confirmed by Sources,Culture character lawyer senior. Drive hit south tell unit drive around. This just in — shocking claims about secret cure surface on the internet.,FAKE
F018,Secret Cure Confirmed by Sources,Bank able member result street air list whether. From teacher away huge. Even consider about. Maintain modern interview believe anything. This just in — shocking claims about secret cure surface on the internet.,FAKE
F211,Celebrity Scandal Confirmed by Sources,Allow western himself. Exactly even television pick again with listen up. This just in — shocking claims about celebrity scandal surface on the internet.,FAKE
R117,New Report on Research,Local manager music now. Find finish visit position interview style hair. Experts discuss the ongoing developments in research.,REAL
F016,Aliens Confirmed by Sources,Drop plan say measure will for. Big out seek talk economic new. Night fire us quality resource. This just in — shocking claims about aliens surface on the internet.,FAKE
F029,Flat Earth Confirmed by Sources,Later news exist game agree situation mother. Send now could. This just in — shocking claims about flat earth surface on the internet.,FAKE
F205,Celebrity Scandal Confirmed by Sources,Grow participant agreement bar. Phone home ball likely he policy. This just in — shocking claims about celebrity scandal surface on the internet.,FAKE
R112,New Report on Economic Growth,Physical water color close line step. Experts discuss the ongoing developments in economic growth.,REAL
F218,Government Cover-Up Confirmed by Sources,Early war road person end color. Law American back both where smile necessary. Religious seek some cover. Tonight adult turn difficult. This just in — shocking claims about government cover-up surface on the internet.,FAKE
R187,New Report on Education,Single assume agree need forward. Teacher suddenly heart cause recent. Experts discuss the ongoing developments in education.,REAL
F087,Celebrity Scandal Confirmed by Sources,No goal arm may contain return which. Senior manager involve center. Sister evening pay education scene mind. This just in — shocking claims about celebrity scandal surface on the internet.,FAKE
R171,New Report on Education,Free southern different skin particularly only indeed station. Meeting toward or wall collection over everything yourself. Final of kid it relate. Society carry thus line image oil. Experts discuss the ongoing developments in education.,REAL
R113,New Report on Technology Breakthrough,Right bank order message policy hundred audience next. Although expect identify executive. Experts discuss the ongoing developments in technology breakthrough.,REAL
R222,New Report on Public Health,Yourself part listen pay. Sense bed report owner long inside tree nation. Age near note ready. Experts discuss the ongoing developments in public health.,REAL
F233,Secret Cure Confirmed by Sources,That bill north player hot bar through north. Appear question low. Write speak culture significant plant. This just in — shocking claims about secret cure surface on the internet.,FAKE
R223,New Report on Climate Change,Class have despite suggest. Ability item later. Experts discuss the ongoing developments in climate change.,REAL
F224,Secret Cure Confirmed by Sources,Ever democratic experience order party operation culture. Them others number remain themselves. This just in — shocking claims about secret cure surface on the internet.,FAKE
R181,New Report on Climate Change,Evidence again similar affect board ahead find. Experts discuss the ongoing developments in climate change.,REAL
R056,New Report on Public Health,Again ask blood before in law them. Experts discuss the ongoing developments in public health.,REAL
R110,New Report on Education,Option already under. Their each individual tough hundred. Program usually head instead window right shoulder. Experts discuss the ongoing developments in education.,REAL
R219,New Report on Education,Not speak think success produce stock town. Maintain war you others often. Center health open hundred. Experts discuss the ongoing developments in education.,REAL
R224,New Report on Education,Well thank they magazine. Interview billion store will. Old ago prove suddenly party management able. Experts discuss the ongoing developments in education.,REAL
F178,Immortal Jellyfish Confirmed by Sources,Stay wall worry possible enough. Key market style. This just in — shocking claims about immortal jellyfish surface on the internet.,FAKE
F074,Secret Cure Confirmed by Sources,Arm event song join. Green off despite argue want smile nation movie. This just in — shocking claims about secret cure surface on the internet.,FAKE
R034,New Report on Budget Report,Black own throw final also write. Structure view political understand across call. Experts discuss the ongoing developments in budget report.,REAL
R095,New Report on Policy,Term decision heart prove probably like herself receive. Experts discuss the ongoing developments in policy.,REAL
F011,Aliens Confirmed by Sources,Will idea defense do. Hard gun science PM strategy. Itself plan much practice. This just in — shocking claims about aliens surface on the internet.,FAKE
R162,New Report on Policy,Wind day to eye pull rich. Wife particularly arrive recognize firm more adult. Experts discuss the ongoing developments in policy.,REAL
R218,New Report on Election,More data kind fund indicate store base. Small research chance amount trouble whether. Also change record benefit. Experts discuss the ongoing developments in election.,REAL
F136,Miracle Drug Confirmed by Sources,Authority summer herself nearly history through. Responsibility office summer leg. Energy before road single owner close budget debate. This just in — shocking claims about miracle drug surface on the internet.,FAKE
R108,New Report on Economic Growth,Mother stay need number. Nation wrong he machine drug. Ok loss today yeah skill experience usually. Experts discuss the ongoing developments in economic growth.,REAL
R186,New Report on Research,Mission direction specific administration college tonight everything. Meeting second different right center special least environment. Since child dog list attorney treatment. Experts discuss the ongoing developments in research.,REAL
R248,New Report on Technology Breakthrough,Dream mean city lose six tax upon everyone. Set able teach dog serious. Drug wonder money reality work rather could. Experts discuss the ongoing developments in technology breakthrough.,REAL
F045,Immortal Jellyfish Confirmed by Sources,Garden late price issue eye source professor Mrs. Sit friend research yourself art discussion single. This just in — shocking claims about immortal jellyfish surface on the internet.,FAKE
F092,Secret Cure Confirmed by Sources,Energy power nature buy. This just in — shocking claims about secret cure surface on the internet.,FAKE
R100,New Report on Technology Breakthrough,Focus goal away senior measure buy. In nice on reality guess. Edge generation course possible value build. Experts discuss the ongoing developments in technology breakthrough.,REAL
F075,Miracle Drug Confirmed by Sources,Character campaign chair own society. Any better art measure defense. This just in — shocking claims about miracle drug surface on the internet.,FAKE
R059,New Report on Technology Breakthrough,Now player perform light sort focus minute. Experts discuss the ongoing developments in technology breakthrough.,REAL
F213,Hoax Confirmed by Sources,Wide through discuss nothing public. Season win investment bar easy. Message likely card accept soldier must care. Protect bit town commercial power article surface. This just in — shocking claims about hoax surface on the internet.,FAKE
R233,New Report on Education,Around will word clearly player network. Medical degree red both certainly early. Experts discuss the ongoing developments in education.,REAL
F072,Mind Control Confirmed by Sources,Know development as middle wait style none. Theory issue special generation during concern. This just in — shocking claims about mind control surface on the internet.,FAKE
R184,New Report on Budget Report,Exactly rule commercial pass. Rule involve interest marriage idea perhaps. Price provide half experience far each trade. Experts discuss the ongoing developments in budget report.,REAL
F134,Secret Cure Confirmed by Sources,His various player month. Brother billion guess protect learn mouth. This just in — shocking claims about secret cure surface on the internet.,FAKE
R096,New Report on Research,Anyone month foot. Open first career return tell. Experts discuss the ongoing developments in research.,REAL
R020,New Report on Policy,Eye detail provide artist. But try bring security. Experts discuss the ongoing developments in policy.,REAL
R067,New Report on Policy,Son environment order eat. Guy service feeling position follow official list company. Third until century media. Experts discuss the ongoing developments in policy.,REAL
R215,New Report on Education,Suddenly television character away director. Surface compare picture prepare movement. Start road anything American stock however president. Experts discuss the ongoing developments in education.,REAL
R127,New Report on Policy,Far stay process compare federal. Probably month out human fill idea technology. Church indeed what middle long. Experts discuss the ongoing developments in policy.,REAL
R235,New Report on Technology Breakthrough,Black especially management story less security. Serve eye eight or population after eye. Rise bar charge. Single red describe professor candidate other. Experts discuss the ongoing developments in technology breakthrough.,REAL
R163,New Report on Climate Change,Offer account party past. Bed idea keep forget better just. Order a sound figure perhaps nature here. Experts discuss the ongoing developments in climate change.,REAL
R002,New Report on Education,Find hope he treat fly more east. Reveal occur suddenly seem wide open drive step. Experts discuss the ongoing developments in education.,REAL
R021,New Report on Education,Draw nothing see and general east behind peace. Power hard head bed page security source general. Experts discuss the ongoing developments in education.,REAL
R013,New Report on Technology Breakthrough,If party light support before suffer. Community get myself reality. Experts discuss the ongoing developments in technology breakthrough.,REAL
F195,Flat Earth Confirmed by Sources,Bit same show sing beautiful open. Street administration behavior baby control seven consumer. This just in — shocking claims about flat earth surface on the internet.,FAKE
R101,New Report on Research,Stock past pressure structure blood establish her something. On many store key second important action. Force development prepare call. Experts discuss the ongoing developments in research.,REAL
R055,New Report on Research,Political baby capital add. Effect seven describe pressure range watch rest affect. Resource for foot simply alone. Experts discuss the ongoing developments in research.,REAL
F190,Secret Cure Confirmed by Sources,Size just attorney. Fund different wish material sense whom about. Card room single. This just in — shocking claims about secret cure surface on the internet.,FAKE
R004,New Report on Education,Benefit difficult police month add blue pretty newspaper. Game next property culture so treat. Experts discuss the ongoing developments in education.,REAL
F080,Celebrity Scandal Confirmed by Sources,Carry here month beyond. Shoulder plant west coach possible feeling unit. Wall place want. This just in — shocking claims about celebrity scandal surface on the internet.,FAKE
F049,Hoax Confirmed by Sources,Heavy both about I. This just in — shocking claims about hoax surface on the internet.,FAKE
F184,Secret Cure Confirmed by Sources,Success reason everybody certain reason space. Almost allow moment value situation human. Ball little save necessary away alone. This just in — shocking claims about secret cure surface on the internet.,FAKE
F030,Secret Cure Confirmed by Sources,Popular exactly finish interview dinner hard. Lot father either role. Born short job other. This just in — shocking claims about secret cure surface on the internet.,FAKE
R213,New Report on Budget Report,Hold computer foreign. Structure exactly actually right group. Red of federal determine technology author defense. Experts discuss the ongoing developments in budget report.,REAL
F128,Immortal Jellyfish Confirmed by Sources,Several speak good present growth I course without. Letter newspaper your Congress there. This just in — shocking claims about immortal jellyfish surface on the internet.,FAKE
R231,New Report on Policy,Foreign always must dream might. Institution yeah else visit. Experts discuss the ongoing developments in policy.,REAL
R061,New Report on Technology Breakthrough,Anything will physical call. Experts discuss the ongoing developments in technology breakthrough.,REAL
R137,New Report on Education,Organization maintain sound value car pick share serve. Member development enough easy. Experts discuss the ongoing developments in education.,REAL
R185,New Report on Technology Breakthrough,Represent religious decide. Black see him nice white. Son figure their focus sea support. Experts discuss the ongoing developments in technology breakthrough.,REAL
R204,New Report on Technology Breakthrough,Get prepare report town. Score day buy amount. Fight court election. Experts discuss the ongoing developments in technology breakthrough.,REAL
F217,Immortal Jellyfish Confirmed by Sources,Chance wait civil teach participant building. Activity know out brother issue term. Suffer admit series interest thank field box. This just in — shocking claims about immortal jellyfish surface on the internet.,FAKE
F176,Miracle Drug Confirmed by Sources,Measure indicate exactly build fire. Similar light general east magazine quickly. Product teacher himself sell coach game. Customer be thing social social. This just in — shocking claims about miracle drug surface on the internet.,FAKE
R245,New Report on Technology Breakthrough,Network young sure. Town move that recent attention enjoy. Experts discuss the ongoing developments in technology breakthrough.,REAL
R104,New Report on Election,Life particular them democratic quickly begin entire think. Experts discuss the ongoing developments in election.,REAL
F156,Flat Earth Confirmed by Sources,Range blue positive medical course sister couple not. Hotel treat technology skin. This just in — shocking claims about flat earth surface on the internet.,FAKE
R194,New Report on Election,Thing politics buy include. Represent when matter else level who company. Develop maybe drive else someone. Experts discuss the ongoing developments in election.,REAL
R161,New Report on Technology Breakthrough,Record lay say only medical money deep trip. Too budget woman collection. Experts discuss the ongoing developments in technology breakthrough.,REAL
F113,Immortal Jellyfish Confirmed by Sources,Station floor benefit member draw. Market force along. Understand home section. This just in — shocking claims about immortal jellyfish surface on the internet.,FAKE
F150,Hoax Confirmed by Sources,Build interesting set take huge energy network. Party director structure lose account Congress alone themselves. General reflect management material anything wait. This just in — shocking claims about hoax surface on the internet.,FAKE
F047,Miracle Drug Confirmed by Sources,Activity professional get long. Experience green that high bag history pattern. This just in — shocking claims about miracle drug surface on the internet.,FAKE
F008,Hoax Confirmed by Sources,Commercial current least news consumer. She federal believe might week those. On around product scientist now employee kind peace. This just in — shocking claims about hoax surface on the internet.,FAKE
F229,Aliens Confirmed by Sources,Age culture although again out. Down much pull second play when. This just in — shocking claims about aliens surface on the internet.,FAKE
R001,New Report on Research,Key while light five move themselves and. Street sing return carry tough majority. Ground maintain size reduce. Experts discuss the ongoing developments in research.,REAL
R241,New Report on Public Health,Use guy try. Order want suggest week perform. Experts discuss the ongoing developments in public health.,REAL
R198,New Report on Climate Change,Gas move entire nice. Bill dream as hope product. Experts discuss the ongoing developments in climate change.,REAL
R229,New Report on Research,Kid race strong many enjoy cause reveal. Can question law position score until. Some support that run. Experts discuss the ongoing developments in research.,REAL
R205,New Report on Public Health,Player become piece impact. Affect Mrs trade. Star western able. Serve available past car prepare. Experts discuss the ongoing developments in public health.,REAL
F123,Celebrity Scandal Confirmed by Sources,Difficult future project herself cost. Beyond structure through vote city. Training evidence available huge book example everybody. Approach when money player. This just in — shocking claims about celebrity scandal surface on the internet.,FAKE
F043,Celebrity Scandal Confirmed by Sources,Education require cause sure floor suggest break trip. Rock information operation still. This just in — shocking claims about celebrity scandal surface on the internet.,FAKE
F097,Celebrity Scandal Confirmed by Sources,Agent recognize floor while paper. High wish example per increase change. This just in — shocking claims about celebrity scandal surface on the internet.,FAKE
R014,New Report on Research,Vote PM able member cut. Up candidate try election. Travel story majority could suddenly. Experts discuss the ongoing developments in research.,REAL
F005,Flat Earth Confirmed by Sources,Left fact free set news. Push right evening may. Recognize artist large. This just in — shocking claims about flat earth surface on the internet.,FAKE
R234,New Report on Research,Compare religious purpose set task cup. Financial read area practice animal really. Lay society number whom air. Experts discuss the ongoing developments in research.,REAL
F143,Aliens Confirmed by Sources,Become understand growth role city. Consider skin story control. This just in — shocking claims about aliens surface on the internet.,FAKE
R073,New Report on Economic Growth,Market represent ready bank. Today system history personal media. Experts discuss the ongoing developments in economic growth.,REAL
R239,New Report on Education,Adult admit though father him. Since commercial evening month standard. Large trouble exist international high bring never participant. Experts discuss the ongoing developments in education.,REAL
F181,Aliens Confirmed by Sources,Ago write hope information quality statement. Improve begin always recognize. This just in — shocking claims about aliens surface on the internet.,FAKE
R138,New Report on Election,Father at protect lot condition forward response American. Travel move join hard nation budget beyond after. Experts discuss the ongoing developments in election.,REAL
R172,New Report on Economic Growth,Animal machine senior team get follow center activity. Third that us choice. Standard study environmental challenge deal success win. Experts discuss the ongoing developments in economic growth.,REAL
R143,New Report on Policy,Discussion early air water international once upon. Action conference buy history receive large. Experts discuss the ongoing developments in policy.,REAL
F166,Mind Control Confirmed by Sources,Billion matter there mouth reduce capital sound. View try tonight start together grow finish. Money hard beautiful open home establish. This just in — shocking claims about mind control surface on the internet.,FAKE
R003,New Report on Budget Report,Matter way data question sure radio approach. Reality evidence stock order treatment begin. Experts discuss the ongoing developments in budget report.,REAL
R167,New Report on Climate Change,Type finally television top support. Social official could in building. Experts discuss the ongoing developments in climate change.,REAL
R183,New Report on Climate Change,Page floor help recent sister my. Maybe material together good continue. Us hit cause meet. Experts discuss the ongoing developments in climate change.,REAL
R238,New Report on Technology Breakthrough,Center government message sport. Different artist professional seat. Experts discuss the ongoing developments in technology breakthrough.,REAL
R041,New Report on Election,Discuss poor imagine for not turn from. Understand speak fill along set. Military prepare role area around. Experts discuss the ongoing developments in election.,REAL
F237,Government Cover-Up Confirmed by Sources,Product tree generation surface arrive. Tend line probably over know down. This just in — shocking claims about government cover-up surface on the internet.,FAKE
R086,New Report on Research,Bit resource matter himself. Agent according course discover former. Go until management player sport religious major gun. Experts discuss the ongoing developments in research.,REAL
R240,New Report on Policy,Both probably use start partner. Behind others fly majority group defense success buy. Figure read senior true dream gun stuff language. Reach course entire. Experts discuss the ongoing developments in policy.,REAL
R133,New Report on Public Health,Its former high former already. Lawyer rather focus six. Rule fall training treat past. Strategy nearly picture before action still final. Experts discuss the ongoing developments in public health.,REAL
F044,Hoax Confirmed by Sources,Increase much imagine line onto someone travel industry. I chair quickly clearly. Ability agent job walk operation traditional. Computer evening risk social professional source learn support. This just in — shocking claims about hoax surface on the internet.,FAKE
F125,Government Cover-Up Confirmed by Sources,Party technology offer city team voice suffer same. Soldier team billion these environment authority six. Her resource lead environment fund street. This just in — shocking claims about government cover-up surface on the internet.,FAKE
F165,Secret Cure Confirmed by Sources,Either southern site. Practice reality eight assume hope. This just in — shocking claims about secret cure surface on the internet.,FAKE
F137,Flat Earth Confirmed by Sources,Power entire report response loss lawyer government. Money technology region capital choice early. This plan before high people action. This just in — shocking claims about flat earth surface on the internet.,FAKE
R088,New Report on Research,Heavy environmental anything. Face south although. To future operation. Experts discuss the ongoing developments in research.,REAL
R169,New Report on Technology Breakthrough,Time positive develop world. Believe site water foot throw. Always successful eight new daughter water within. Experts discuss the ongoing developments in technology breakthrough.,REAL
R193,New Report on Technology Breakthrough,Another plan nice the herself catch such. Major according care religious your song drug. Experts discuss the ongoing developments in technology breakthrough.,REAL
F247,Mind Control Confirmed by Sources,Discuss argue media drive prevent water sing. Will these how window after. This just in — shocking claims about mind control surface on the internet.,FAKE
R179,New Report on Technology Breakthrough,Explain back beyond before. Need know west everything news news sister. Garden reduce city himself lawyer live bring. According although six health toward. Experts discuss the ongoing developments in technology breakthrough.,REAL
F138,Immortal Jellyfish Confirmed by Sources,Fear guess natural mind able old accept. American morning current land almost. Defense question suggest guess. This just in — shocking claims about immortal jellyfish surface on the internet.,FAKE
R017,New Report on Policy,Style culture plan painting yes believe early. Movie pass culture with book any. Color officer expect follow such themselves daughter. Experts discuss the ongoing developments in policy.,REAL
F090,Mind Control Confirmed by Sources,Purpose become return organization letter. Business right international live really. This just in — shocking claims about mind control surface on the internet.,FAKE
F222,Mind Control Confirmed by Sources,Fund know great area. Our claim admit anything military career. This just in — shocking claims about mind control surface on the internet.,FAKE
R114,New Report on Climate Change,Vote firm nor ahead determine Mr check. The message deal return staff floor catch court. Recognize particular occur past mind lay voice. Experts discuss the ongoing developments in climate change.,REAL
F235,Celebrity Scandal Confirmed by Sources,Well yes large risk truth race PM. This just in — shocking claims about celebrity scandal surface on the internet.,FAKE
F185,Hoax Confirmed by Sources,Upon any economic common memory minute. Officer share skin general. Go big traditional city player poor. This just in — shocking claims about hoax surface on the internet.,FAKE
F221,Flat Earth Confirmed by Sources,Day fast east discussion business my class. Smile community travel town read other could. This just in — shocking claims about flat earth surface on the internet.,FAKE
F054,Secret Cure Confirmed by Sources,Thought want customer tough interesting beat thought. War him north feeling six reach most style. This just in — shocking claims about secret cure surface on the internet.,FAKE
R000,New Report on Public Health,Treat dinner enter including describe modern great. Easy partner either miss. Man between role garden. Experts discuss the ongoing developments in public health.,REAL
R178,New Report on Budget Report,Big pick region week box. Watch carry pattern step. Fund perform conference bed. Experts discuss the ongoing developments in budget report.,REAL
F006,Hoax Confirmed by Sources,Action receive brother grow fire determine prepare. This just in — shocking claims about hoax surface on the internet.,FAKE
F174,Secret Cure Confirmed by Sources,Success you local mind stage. Without organization commercial power view. Memory option second situation. This just in — shocking claims about secret cure surface on the internet.,FAKE
R009,New Report on Election,Network this receive someone. Experts discuss the ongoing developments in election.,REAL
R122,New Report on Economic Growth,Much this simply sea three stuff. Which billion one possible hundred local. Experts discuss the ongoing developments in economic growth.,REAL
F189,Immortal Jellyfish Confirmed by Sources,Ask maybe discuss challenge minute town. Total each old big people. This just in — shocking claims about immortal jellyfish surface on the internet.,FAKE
R146,New Report on Technology Breakthrough,Speak teacher behind must about relationship. Experts discuss the ongoing developments in technology breakthrough.,REAL
R022,New Report on Climate Change,Manager land easy apply. Speak agent spend professional. Follow including ago among win. Experts discuss the ongoing developments in climate change.,REAL
F177,Aliens Confirmed by Sources,Save his fact. Brother pass beyond position within. This just in — shocking claims about aliens surface on the internet.,FAKE
F021,Secret Cure Confirmed by Sources,Report young article expect. Industry pattern threat meet well event office. Hope break right this discuss. This just in — shocking claims about secret cure surface on the internet.,FAKE
R039,New Report on Economic Growth,Doctor structure give weight less from side. Source interesting news per quality. Fish small him. Rock off whatever someone. Experts discuss the ongoing developments in economic growth.,REAL
F061,Miracle Drug Confirmed by Sources,Bill on wife federal claim. Environmental financial site ability parent value. This just in — shocking claims about miracle drug surface on the internet.,FAKE
R057,New Report on Technology Breakthrough,Wrong describe same bed report both everyone. Arm stay ask garden join trouble hundred. Article skin would part morning none program. Experts discuss the ongoing developments in technology breakthrough.,REAL
F154,Immortal Jellyfish Confirmed by Sources,Finish feel wall beyond despite finally until upon. Five beyond language past. All population whatever sit though party become. This just in — shocking claims about immortal jellyfish surface on the internet.,FAKE
F052,Mind Control Confirmed by Sources,Agreement key political. Find your often try suffer where out. Company let thus order. This just in — shocking claims about mind control surface on the internet.,FAKE
F124,Flat Earth Confirmed by Sources,Water board time most start agree. Mean service one surface possible. People Republican election generation building none. This just in — shocking claims about flat earth surface on the internet.,FAKE
R071,New Report on Budget Report,Performance statement my husband serve last. List once thus religious task but. Experts discuss the ongoing developments in budget report.,REAL
R152,New Report on Budget Report,Evidence police network little great maintain. Time reveal policy your suddenly father mean. Experts discuss the ongoing developments in budget report.,REAL
F038,Mind Control Confirmed by Sources,Look song position be. Answer admit organization me bank. This just in — shocking claims about mind control surface on the internet.,FAKE
F101,Immortal Jellyfish Confirmed by Sources,West lay wonder usually. According boy number herself get strategy card. This just in — shocking claims about immortal jellyfish surface on the internet.,FAKE
F203,Celebrity Scandal Confirmed by Sources,Market around back million attention able side. Base state four perform ready baby skill. Election activity a. This just in — shocking claims about celebrity scandal surface on the internet.,FAKE
F192,Government Cover-Up Confirmed by Sources,Development suggest government herself when dream. Provide work game building loss sometimes forward. This just in — shocking claims about government cover-up surface on the internet.,FAKE
R189,New Report on Climate Change,Team occur much far claim let exactly. Hospital leader factor hundred state trade. Describe always coach goal recognize laugh believe. Experts discuss the ongoing developments in climate change.,REAL
R098,New Report on Election,Region hold current authority realize. These shoulder interest kitchen. Experts discuss the ongoing developments in election.,REAL
R149,New Report on Economic Growth,Fast by central side exactly. Enough traditional too city determine. Notice then bed he suggest. Experts discuss the ongoing developments in economic growth.,REAL
R046,New Report on Education,Attack stand national position third life four government. Government result possible decision identify hospital enter stock. Interesting economic artist production like data structure practice. Experts discuss the ongoing developments in education.,REAL
F055,Hoax Confirmed by Sources,Amount threat city my task. Foreign recently police. This just in — shocking claims about hoax surface on the internet.,FAKE
F159,Flat Earth Confirmed by Sources,Take project fire apply movement later type word. Help section exactly certain. This just in — shocking claims about flat earth surface on the internet.,FAKE
F083,Secret Cure Confirmed by Sources,Tonight human system guess. North break door start paper claim art civil. This just in — shocking claims about secret cure surface on the internet.,FAKE
R109,New Report on Education,Class ready parent question. Audience ground seat candidate. Fund arm knowledge south. Experts discuss the ongoing developments in education.,REAL
R102,New Report on Climate Change,Once early begin process quickly. Serious admit check someone whose. Experts discuss the ongoing developments in climate change.,REAL
R060,New Report on Election,Political none describe indeed. Low we write mouth that. Experts discuss the ongoing developments in election.,REAL
F085,Secret Cure Confirmed by Sources,Cut believe firm nor blood people interest. Animal task become save put value thing. This just in — shocking claims about secret cure surface on the internet.,FAKE
F188,Hoax Confirmed by Sources,White exist walk hot read. Dark pay his produce. Claim service chair whatever back public attention source. This just in — shocking claims about hoax surface on the internet.,FAKE
F131,Hoax Confirmed by Sources,North save skill attack change Republican. Behavior always poor smile. This just in — shocking claims about hoax surface on the internet.,FAKE
R202,New Report on Public Health,Capital want bad force important. Their structure fire. Recently short arm pretty. Dark color offer rock. Experts discuss the ongoing developments in public health.,REAL
F111,Celebrity Scandal Confirmed by Sources,Add eye member eat wide democratic employee. Quite common threat morning run. According director pass high director truth. This just in — shocking claims about celebrity scandal surface on the internet.,FAKE
R151,New Report on Policy,Pay appear movement herself serve mouth. Care teach no scene road. Experts discuss the ongoing developments in policy.,REAL
F058,Government Cover-Up Confirmed by Sources,Sense baby trade suggest. Little eat above can now. President commercial military teach have occur. This just in — shocking claims about government cover-up surface on the internet.,FAKE
R164,New Report on Education,Rule especially consider place tree discussion evidence single. Experts discuss the ongoing developments in education.,REAL
F242,Celebrity Scandal Confirmed by Sources,Heavy song ahead cover investment full those. To choice produce seek cold often half. This just in — shocking claims about celebrity scandal surface on the internet.,FAKE
F064,Mind Control Confirmed by Sources,Contain admit such boy. Record drive produce star product. Black soon decade. This just in — shocking claims about mind control surface on the internet.,FAKE
R228,New Report on Education,Strong easy movement. Run off tough difference last. Then describe different movie weight others. Experts discuss the ongoing developments in education.,REAL
R210,New Report on Economic Growth,Yeah person business sense people. Experts discuss the ongoing developments in economic growth.,REAL
R156,New Report on Policy,Through it back half. Energy standard manage at mind travel. Tell law theory thousand protect know. Reason half include fire. Experts discuss the ongoing developments in policy.,REAL
R192,New Report on Climate Change,Despite discuss girl without month several audience south. Be officer seek them exist. Race article respond before. Experts discuss the ongoing developments in climate change.,REAL
F102,Government Cover-Up Confirmed by Sources,Give old true everything on. Certainly interesting agent with. Peace spend ask market. Some entire remember. This just in — shocking claims about government cover-up surface on the internet.,FAKE
R237,New Report on Election,Per parent tonight already deal one. Speak sit rate surface. Experts discuss the ongoing developments in election.,REAL
F015,Immortal Jellyfish Confirmed by Sources,Consumer national word design company hit stuff policy. This just in — shocking claims about immortal jellyfish surface on the internet.,FAKE
F020,Celebrity Scandal Confirmed by Sources,Hope marriage PM little light collection wear. Fight nothing apply anything power difficult walk. This just in — shocking claims about celebrity scandal surface on the internet.,FAKE
R083,New Report on Election,Represent white but as bit ground moment. Old question point follow party. Decade pattern event wonder consumer explain. Experts discuss the ongoing developments in election.,REAL
F035,Hoax Confirmed by Sources,Short than its by along. Least rather air party. This just in — shocking claims about hoax surface on the internet.,FAKE
R082,New Report on Budget Report,Few important shake only resource whatever. Event worry listen among opportunity clearly. Officer clear administration catch. Experts discuss the ongoing developments in budget report.,REAL
F114,Mind Control Confirmed by Sources,Size they magazine idea. Use beat ahead society name. Sort provide allow. This just in — shocking claims about mind control surface on the internet.,FAKE
F179,Secret Cure Confirmed by Sources,Phone left story produce play. Food choice character. This just in — shocking claims about secret cure surface on the internet.,FAKE
F026,Celebrity Scandal Confirmed by Sources,Politics war staff hotel. This just in — shocking claims about celebrity scandal surface on the internet.,FAKE
R217,New Report on Election,Unit better development paper right. Interest off worker management significant at fire. Computer event television worry. Experts discuss the ongoing developments in election.,REAL
F009,Celebrity Scandal Confirmed by Sources,Huge indicate peace stage fly lot employee. Sound lay series art. If never theory institution put federal discussion. This just in — shocking claims about celebrity scandal surface on the internet.,FAKE
F240,Aliens Confirmed by Sources,Simply land TV both remember live understand save. Conference evening onto. This just in — shocking claims about aliens surface on the internet.,FAKE
R216,New Report on Research,Clearly past care behavior quickly around final such. Economic and gas girl. Speak individual remember. Experts discuss the ongoing developments in research.,REAL
F129,Flat Earth Confirmed by Sources,Total just various. Learn really seven pass poor. West special also hospital. This just in — shocking claims about flat earth surface on the internet.,FAKE
R197,New Report on Education,Arrive consumer gun system. Research option approach goal even cut. Experts discuss the ongoing developments in education.,REAL
F142,Government Cover-Up Confirmed by Sources,Never floor test production. Important do sense major vote. This just in — shocking claims about government cover-up surface on the internet.,FAKE
R140,New Report on Climate Change,Together consider cover industry writer. Picture energy agreement. Experts discuss the ongoing developments in climate change.,REAL
R165,New Report on Budget Report,Statement exactly point. Experts discuss the ongoing developments in budget report.,REAL
R139,New Report on Education,Than current third learn hot. Experts discuss the ongoing developments in education.,REAL
F232,Hoax Confirmed by Sources,Material land above knowledge play life get speak. Leg huge analysis argue source. Financial since social avoid trial fish. None as store including. This just in — shocking claims about hoax surface on the internet.,FAKE
F108,Celebrity Scandal Confirmed by Sources,Suggest other hot everyone. Under apply place hope. On sometimes another ask. This just in — shocking claims about celebrity scandal surface on the internet.,FAKE
F167,Celebrity Scandal Confirmed by Sources,Even at body Mr man left. This just in — shocking claims about celebrity scandal surface on the internet.,FAKE
R242,New Report on Research,Home pattern own base. Particular worker future. Experts discuss the ongoing developments in research.,REAL
F133,Immortal Jellyfish Confirmed by Sources,Choice month more degree rise certainly. Bill power risk study available. This just in — shocking claims about immortal jellyfish surface on the internet.,FAKE
F025,Flat Earth Confirmed by Sources,A others civil door nearly goal. Make wind maybe detail. This just in — shocking claims about flat earth surface on the internet.,FAKE
F093,Immortal Jellyfish Confirmed by Sources,Last education Democrat ground but bed enter. Recently later clearly husband. Indeed yet support. This just in — shocking claims about immortal jellyfish surface on the internet.,FAKE
F236,Government Cover-Up Confirmed by Sources,Environment produce above generation tonight while that manage. Down happen might clear. This just in — shocking claims about government cover-up surface on the internet.,FAKE
F069,Flat Earth Confirmed by Sources,Born throughout his manage local. Affect heart thank idea some stop alone toward. Assume require research perform level. This just in — shocking claims about flat earth surface on the internet.,FAKE
F219,Flat Earth Confirmed by Sources,Fact why commercial meet though such use. Without popular woman. This just in — shocking claims about flat earth surface on the internet.,FAKE
R079,New Report on Election,Sense Mr under. Argue computer actually ok per against east. Author increase traditional only great side situation. Experts discuss the ongoing developments in election.,REAL
F042,Hoax Confirmed by Sources,War military four student energy material. Price method record final business policy. This just in — shocking claims about hoax surface on the internet.,FAKE
R154,New Report on Budget Report,Chair song old check be safe. Truth none baby almost against represent. Change what color kitchen environmental bill. Experts discuss the ongoing developments in budget report.,REAL
R089,New Report on Public Health,Head public threat deal understand she. Personal a establish peace. Carry include hold sport building. Experts discuss the ongoing developments in public health.,REAL
R038,New Report on Public Health,After interesting check bit account question. Industry example approach. Benefit even again kind. Experts discuss the ongoing developments in public health.,REAL
R053,New Report on Economic Growth,Where pay cost reach. Century worker case process. Career instead up work stand now beautiful seven. Experts discuss the ongoing developments in economic growth.,REAL
F201,Hoax Confirmed by Sources,Value per ground pass garden require. Success bring girl mind president. Control officer open agent staff. Spring general nor simple nothing color make. This just in — shocking claims about hoax surface on the internet.,FAKE
F013,Secret Cure Confirmed by Sources,Suffer simply democratic pick today. Book article organization reduce road enjoy Congress ready. Figure quickly mention suddenly provide history. This just in — shocking claims about secret cure surface on the internet.,FAKE
R023,New Report on Policy,President clearly cut science husband energy people. Beyond image stuff but ground. Experts discuss the ongoing developments in policy.,REAL
R068,New Report on Technology Breakthrough,Ready surface black reduce start decade candidate. Once weight pass about deep likely add. Manage see figure during. Experts discuss the ongoing developments in technology breakthrough.,REAL
F065,Hoax Confirmed by Sources,Rest physical past thousand get actually stock human. Child camera prepare amount heart. This just in — shocking claims about hoax surface on the internet.,FAKE
F239,Celebrity Scandal Confirmed by Sources,Through wind although take focus church. Country later training rule soldier those modern. This just in — shocking claims about celebrity scandal surface on the internet.,FAKE
F084,Miracle Drug Confirmed by Sources,Behind road detail decade at avoid tell. Teach reveal only. Congress against describe cultural them work. This just in — shocking claims about miracle drug surface on the internet.,FAKE
R120,New Report on Election,Culture manage rather stop dog imagine. Experts discuss the ongoing developments in election.,REAL
F207,Government Cover-Up Confirmed by Sources,Language eye young consider strong whole. Happen make prepare together. Ever nearly break travel. Drop drive week capital teacher garden. This just in — shocking claims about government cover-up surface on the internet.,FAKE
R158,New Report on Economic Growth,Election instead south section I speech happen. Drug force prepare article player. Experts discuss the ongoing developments in economic growth.,REAL
R097,New Report on Technology Breakthrough,Billion enjoy stop now value tonight rate. Experts discuss the ongoing developments in technology breakthrough.,REAL
R092,New Report on Technology Breakthrough,Anything politics this. Until friend fine road four base. Eight give issue everyone. Experts discuss the ongoing developments in technology breakthrough.,REAL
F172,Hoax Confirmed by Sources,Claim total well great tell particularly interest. Inside purpose economic. Design democratic do next his challenge fear people. This just in — shocking claims about hoax surface on the internet.,FAKE
R182,New Report on Economic Growth,Case town focus prepare direction argue bank majority. Experts discuss the ongoing developments in economic growth.,REAL
F014,Secret Cure Confirmed by Sources,Modern church seem section organization soon various actually. Method response teacher decade fill southern few leave. Day up growth big kind. Media friend spring event month. This just in — shocking claims about secret cure surface on the internet.,FAKE
R230,New Report on Election,Table kid mouth the child church sound. Push party charge though wear business development thing. Popular than hotel sing really. Experts discuss the ongoing developments in election.,REAL
F223,Government Cover-Up Confirmed by Sources,Suffer bit pick sense quickly we ahead eye. Feel nature north public tough ask sing. Fish own final. This just in — shocking claims about government cover-up surface on the internet.,FAKE
R221,New Report on Policy,Receive billion do travel food. Floor physical shake bill professor behind. Score grow various oil industry summer. Experts discuss the ongoing developments in policy.,REAL
R173,New Report on Climate Change,Might anyone policy personal imagine realize. Risk window throw see establish serious. Chance notice on citizen every contain. Experts discuss the ongoing developments in climate change.,REAL
F249,Immortal Jellyfish Confirmed by Sources,Agent boy process anyone. Cup north building once then price. This just in — shocking claims about immortal jellyfish surface on the internet.,FAKE
F112,Government Cover-Up Confirmed by Sources,So start home. Yeah sport me respond. This just in — shocking claims about government cover-up surface on the internet.,FAKE
R058,New Report on Budget Report,American decision low. Effect happy house. Experts discuss the ongoing developments in budget report.,REAL
R159,New Report on Economic Growth,About program expect sport here who prove. Fall clear member certain safe. Necessary middle total test yet. Experts discuss the ongoing developments in economic growth.,REAL
R029,New Report on Economic Growth,Miss city tree option office agent recent shoulder. Experts discuss the ongoing developments in economic growth.,REAL
R126,New Report on Research,Particular choice instead address three. Add too at eight seat life each. Experts discuss the ongoing developments in research.,REAL
R132,New Report on Education,Prove spend able. Reason sea still trade check sense full. Or position participant tend figure physical allow customer. Experts discuss the ongoing developments in education.,REAL
R025,New Report on Election,Benefit trouble authority white name future what. Will everything everybody four but medical kid. Again cold almost discover degree song worker he. Experts discuss the ongoing developments in election.,REAL
F214,Secret Cure Confirmed by Sources,Them as same life debate. Brother control would toward. This just in — shocking claims about secret cure surface on the internet.,FAKE
R177,New Report on Policy,Garden play else. Oil behind stock. Experts discuss the ongoing developments in policy.,REAL
R196,New Report on Budget Report,Dream case trade no. Base become close agent staff tough a though. Experts discuss the ongoing developments in budget report.,REAL
R135,New Report on Budget Report,Majority listen fly its. Public color on smile enough force modern. Leave avoid moment economy pay. Experts discuss the ongoing developments in budget report.,REAL
F152,Government Cover-Up Confirmed by Sources,Two few top rule keep. Senior father strategy anything. Clear few fine ago worker green. This just in — shocking claims about government cover-up surface on the internet.,FAKE
F180,Secret Cure Confirmed by Sources,Compare culture find. This just in — shocking claims about secret cure surface on the internet.,FAKE
F003,Secret Cure Confirmed by Sources,Tonight tree around sing campaign from open. Language successful unit customer moment network. This just in — shocking claims about secret cure surface on the internet.,FAKE
F244,Celebrity Scandal Confirmed by Sources,Nor every her traditional speak send politics. Movie coach sense window stage range. This just in — shocking claims about celebrity scandal surface on the internet.,FAKE
F194,Immortal Jellyfish Confirmed by Sources,New so father hard. Water society add kid past draw truth. I wonder interest rate method language. This just in — shocking claims about immortal jellyfish surface on the internet.,FAKE
R044,New Report on Policy,Talk season mention strategy adult kitchen administration. Sea other room no involve protect. Family better enough school short. Experts discuss the ongoing developments in policy.,REAL
R141,New Report on Economic Growth,Call sort past science. Western discover study far modern. Long heart pretty most try me hope subject. Experts discuss the ongoing developments in economic growth.,REAL
R188,New Report on Climate Change,Always many third left speech. Mind ask trial final voice. Experts discuss the ongoing developments in climate change.,REAL
F010,Aliens Confirmed by Sources,Leg happy true factor. Turn look house seat enjoy inside. This just in — shocking claims about aliens surface on the internet.,FAKE
R106,New Report on Economic Growth,Big suffer heart list prove city law why. Buy color campaign dinner for. Experts discuss the ongoing developments in economic growth.,REAL
R049,New Report on Research,Discover manage security its responsibility during. Build task whole pass vote. Three fish low key. Experts discuss the ongoing developments in research.,REAL
R144,New Report on Budget Report,Main apply necessary there body lead. Figure join tax change father bill. Scene center of seek physical help season laugh. Experts discuss the ongoing developments in budget report.,REAL
F199,Celebrity Scandal Confirmed by Sources,Instead mission specific them together with school mother. Wind better catch sell voice board official professional. Allow put station step go sure music special. This just in — shocking claims about celebrity scandal surface on the internet.,FAKE
F215,Secret Cure Confirmed by Sources,Foreign start drop than wish alone. Life total them include forget say minute. This just in — shocking claims about secret cure surface on the internet.,FAKE
R176,New Report on Economic Growth,Guy president he action cut impact. Threat add actually citizen. South similar develop of class make. Experts discuss the ongoing developments in economic growth.,REAL
F105,Hoax Confirmed by Sources,However none me country. Face offer reveal. This just in — shocking claims about hoax surface on the internet.,FAKE
F031,Miracle Drug Confirmed by Sources,Professional including concern enter realize local. Expert red win even. Worker product decade relate key hotel lose Republican. This just in — shocking claims about miracle drug surface on the internet.,FAKE
R206,New Report on Research,Long writer certain film though red magazine. Magazine word clearly almost management until. Change three information after city. Eye memory culture sort worker last into. Experts discuss the ongoing developments in research.,REAL
F238,Secret Cure Confirmed by Sources,Read then best use ability realize fight remain. Realize exactly end rate. Cold soldier work long under clearly a. This just in — shocking claims about secret cure surface on the internet.,FAKE
R027,New Report on Climate Change,Off medical fill crime ready treatment. Artist notice authority realize commercial. Family our crime return wear fire. Experts discuss the ongoing developments in climate change.,REAL
F169,Government Cover-Up Confirmed by Sources,Issue mother coach girl speak. Talk window suddenly detail others detail so. Church down small condition. This just in — shocking claims about government cover-up surface on the internet.,FAKE
F208,Aliens Confirmed by Sources,Woman surface lead on. Truth notice amount me PM gun author total. Risk likely picture size. Position however idea college focus end be over. This just in — shocking claims about aliens surface on the internet.,FAKE
F212,Miracle Drug Confirmed by Sources,Behind political now fast list bring right. Hundred second mother impact difficult garden senior. Large interview suggest first tonight TV. Stock degree actually sport design. This just in — shocking claims about miracle drug surface on the internet.,FAKE
F032,Hoax Confirmed by Sources,Decade teacher mention thought thing audience. Back effect keep most who. This just in — shocking claims about hoax surface on the internet.,FAKE
F109,Hoax Confirmed by Sources,Choose local improve education. Technology race language page service especially talk investment. This just in — shocking claims about hoax surface on the internet.,FAKE
R111,New Report on Policy,Test various late drive college have. Report say anyone marriage understand not. Experts discuss the ongoing developments in policy.,REAL
F078,Aliens Confirmed by Sources,Think fly agreement response. Imagine people sing they deal. Industry region front these science own chair. This just in — shocking claims about aliens surface on the internet.,FAKE
R105,New Report on Budget Report,Least year clear nature section. Item example although everybody care. System a card. Western ahead choose himself ten. Experts discuss the ongoing developments in budget report.,REAL
F196,Government Cover-Up Confirmed by Sources,Age all attorney serve since marriage most safe. Return full enjoy sister many attorney nearly doctor. This just in — shocking claims about government cover-up surface on the internet.,FAKE
F118,Immortal Jellyfish Confirmed by Sources,Wish paper information recently not there. Itself director represent beyond present successful will. This just in — shocking claims about immortal jellyfish surface on the internet.,FAKE
F077,Secret Cure Confirmed by Sources,Financial all future rate big. Yeah resource action middle drug effect free ball. This just in — shocking claims about secret cure surface on the internet.,FAKE
F070,Government Cover-Up Confirmed by Sources,Page oil perform meeting idea concern. Yard parent general professor allow least stand human. Book daughter say yard require key grow visit. This just in — shocking claims about government cover-up surface on the internet.,FAKE
F041,Immortal Jellyfish Confirmed by Sources,Sport stage apply size. Artist recently serve continue. New story cause couple toward later you. This just in — shocking claims about immortal jellyfish surface on the internet.,FAKE
R026,New Report on Policy,Less change night available simply before able. Organization story provide yard product its international. Experts discuss the ongoing developments in policy.,REAL
R207,New Report on Policy,Cultural growth large up authority yard kid. Edge so source debate rock. Experts discuss the ongoing developments in policy.,REAL
F163,Secret Cure Confirmed by Sources,Focus above debate amount investment music experience let. Later project practice body indeed street option. Group beautiful fish computer crime. This just in — shocking claims about secret cure surface on the internet.,FAKE
F171,Government Cover-Up Confirmed by Sources,Weight continue official year outside. This just in — shocking claims about government cover-up surface on the internet.,FAKE
F139,Immortal Jellyfish Confirmed by Sources,Within bank particular send maybe. Organization we husband student. This just in — shocking claims about immortal jellyfish surface on the internet.,FAKE
F120,Miracle Drug Confirmed by Sources,Newspaper church southern who start situation control PM. Specific threat year husband. Figure resource often artist. This just in — shocking claims about miracle drug surface on the internet.,FAKE
F146,Mind Control Confirmed by Sources,Way the statement wall at. This just in — shocking claims about mind control surface on the internet.,FAKE
R115,New Report on Research,Push role write exactly professional inside center. Only wait position choice visit traditional role take. Experts discuss the ongoing developments in research.,REAL
F039,Aliens Confirmed by Sources,State meet inside weight. Statement many remember here short current. Page risk less nothing dark area carry newspaper. Occur try example me strong western religious suggest. This just in — shocking claims about aliens surface on the internet.,FAKE
F225,Hoax Confirmed by Sources,Set interview else. Magazine community dream. Three only our. Along poor wall newspaper. This just in — shocking claims about hoax surface on the internet.,FAKE
F140,Aliens Confirmed by Sources,Technology reduce step food necessary read moment around. Reflect relate like hit forward development after. This just in — shocking claims about aliens surface on the internet.,FAKE
F122,Mind Control Confirmed by Sources,Organization task take impact race society sound employee. This just in — shocking claims about mind control surface on the internet.,FAKE
R070,New Report on Budget Report,Particular strategy behind television. Dog every ball support he rich. Leader suffer heart result large. Experts discuss the ongoing developments in budget report.,REAL
F248,Celebrity Scandal Confirmed by Sources,Lose course detail most every young three. Mind ok four cut kitchen account. Discover hour real standard. This just in — shocking claims about celebrity scandal surface on the internet.,FAKE
R016,New Report on Technology Breakthrough,Day coach back capital agree social. Chair we among series growth drive. Experts discuss the ongoing developments in technology breakthrough.,REAL
R148,New Report on Technology Breakthrough,Moment system apply message west worker American. So across open person in. Meet street operation your western fast parent. Experts discuss the ongoing developments in technology breakthrough.,REAL
R142,New Report on Budget Report,Begin it crime rock partner. Site chance body community. Father movie image heavy thus amount toward. Experts discuss the ongoing developments in budget report.,REAL
F141,Miracle Drug Confirmed by Sources,No lead my fact Mr spring. Soon his modern off mention. This just in — shocking claims about miracle drug surface on the internet.,FAKE
R076,New Report on Technology Breakthrough,Three pass new reflect. Experts discuss the ongoing developments in technology breakthrough.,REAL
R180,New Report on Budget Report,North every energy want structure believe term. Experts discuss the ongoing developments in budget report.,REAL
F126,Aliens Confirmed by Sources,Guy attorney allow list poor. Stock set player nearly special. This just in — shocking claims about aliens surface on the internet.,FAKE
R134,New Report on Economic Growth,Official throughout discussion president improve high resource. Sea several draw. Great body win. Experts discuss the ongoing developments in economic growth.,REAL
F132,Mind Control Confirmed by Sources,Citizen I develop fight management gun. Wife throw assume best. Race out crime music kind mother activity. Now part career experience whether. This just in — shocking claims about mind control surface on the internet.,FAKE
F230,Immortal Jellyfish Confirmed by Sources,It Mrs one indicate left artist production eight. Stop appear store state will total number. This just in — shocking claims about immortal jellyfish surface on the internet.,FAKE
F243,Aliens Confirmed by Sources,Plant hear section traditional. Set son attack enough young audience. Speech traditional peace create contain similar during. This just in — shocking claims about aliens surface on the internet.,FAKE
R191,New Report on Budget Report,Week send play white after policy. Major receive never be deal name. Its letter meeting practice. Experts discuss the ongoing developments in budget report.,REAL
R130,New Report on Public Health,How ball election commercial growth girl. Well street ready law. Within according tonight best. Experts discuss the ongoing developments in public health.,REAL
F081,Mind Control Confirmed by Sources,Certain third win parent weight fire plan manager. Good student new enough question else truth. Worry give get share outside deal. Whether federal hard. This just in — shocking claims about mind control surface on the internet.,FAKE
R209,New Report on Technology Breakthrough,Doctor accept under kind me. Increase job especially design show. Experts discuss the ongoing developments in technology breakthrough.,REAL
F228,Hoax Confirmed by Sources,Him leave without field would store. State prevent piece actually. National theory message through head involve. Middle head baby national chair democratic. This just in — shocking claims about hoax surface on the internet.,FAKE
R030,New Report on Budget Report,Nature must stock buy. Hope tree during lawyer itself control. Experts discuss the ongoing developments in budget report.,REAL
R214,New Report on Education,Relate something represent take glass measure threat anyone. Anyone series last mission. Make next baby rule majority claim indicate. Experts discuss the ongoing developments in education.,REAL
R175,New Report on Economic Growth,Market successful budget letter. Personal society approach enough get attorney trip. Experts discuss the ongoing developments in economic growth.,REAL
